symbol,side,day,timestamp,events,qty_sum
HYDROGEL_PACK,buy,1,79800,1,6
HYDROGEL_PACK,buy,1,129500,1,6
HYDROGEL_PACK,buy,1,146500,1,6
HYDROGEL_PACK,buy,1,171400,1,6
HYDROGEL_PACK,buy,1,174400,1,6
HYDROGEL_PACK,buy,1,239700,1,6
HYDROGEL_PACK,buy,1,324600,1,6
HYDROGEL_PACK,buy,1,327700,1,6
HYDROGEL_PACK,buy,1,345700,1,6
HYDROGEL_PACK,buy,1,357100,1,6
HYDROGEL_PACK,buy,1,358500,1,6
HYDROGEL_PACK,buy,1,368500,1,6
HYDROGEL_PACK,buy,1,380100,1,6
HYDROGEL_PACK,buy,1,385800,1,6
HYDROGEL_PACK,buy,1,527700,1,6
HYDROGEL_PACK,buy,1,538900,1,6
HYDROGEL_PACK,buy,1,542600,1,6
HYDROGEL_PACK,buy,1,553300,1,6
HYDROGEL_PACK,buy,1,661300,1,6
HYDROGEL_PACK,buy,1,695900,1,6
HYDROGEL_PACK,buy,1,772000,1,6
HYDROGEL_PACK,buy,1,782100,1,6
HYDROGEL_PACK,buy,1,782500,1,6
HYDROGEL_PACK,buy,1,782700,1,6
HYDROGEL_PACK,buy,1,784400,1,6
HYDROGEL_PACK,buy,1,837000,1,6
HYDROGEL_PACK,buy,1,844200,1,6
HYDROGEL_PACK,buy,1,853900,1,6
HYDROGEL_PACK,buy,1,866300,1,6
HYDROGEL_PACK,buy,1,892000,1,6
HYDROGEL_PACK,buy,1,925900,1,6
HYDROGEL_PACK,buy,1,928500,1,6
HYDROGEL_PACK,buy,1,929500,1,6
HYDROGEL_PACK,buy,1,930800,1,6
HYDROGEL_PACK,buy,1,938900,1,6
HYDROGEL_PACK,buy,1,953800,1,6
HYDROGEL_PACK,buy,1,963900,1,6
HYDROGEL_PACK,buy,2,19100,1,6
HYDROGEL_PACK,buy,2,41100,1,6
HYDROGEL_PACK,buy,2,58300,1,6
HYDROGEL_PACK,buy,2,109600,1,6
HYDROGEL_PACK,buy,2,221200,1,6
HYDROGEL_PACK,buy,2,264200,1,6
HYDROGEL_PACK,buy,2,267900,1,6
HYDROGEL_PACK,buy,2,273500,1,6
HYDROGEL_PACK,buy,2,275800,1,6
HYDROGEL_PACK,buy,2,277000,1,6
HYDROGEL_PACK,buy,2,284300,1,6
HYDROGEL_PACK,buy,2,292800,1,6
HYDROGEL_PACK,buy,2,305700,1,6
HYDROGEL_PACK,buy,2,344600,1,6
HYDROGEL_PACK,buy,2,394100,1,6
HYDROGEL_PACK,buy,2,410100,1,6
HYDROGEL_PACK,buy,2,415400,1,6
HYDROGEL_PACK,buy,2,450900,1,6
HYDROGEL_PACK,buy,2,493800,1,6
HYDROGEL_PACK,buy,2,519800,1,6
HYDROGEL_PACK,buy,2,543800,1,6
HYDROGEL_PACK,buy,2,544400,1,6
HYDROGEL_PACK,buy,2,574200,1,6
HYDROGEL_PACK,buy,2,578300,1,6
HYDROGEL_PACK,buy,2,588400,1,6
HYDROGEL_PACK,buy,2,596600,1,6
HYDROGEL_PACK,buy,2,633100,1,6
HYDROGEL_PACK,buy,2,678700,1,6
HYDROGEL_PACK,buy,2,705900,1,6
HYDROGEL_PACK,buy,2,727700,1,6
HYDROGEL_PACK,buy,2,737300,1,6
HYDROGEL_PACK,buy,2,752100,1,6
HYDROGEL_PACK,buy,2,767700,1,6
HYDROGEL_PACK,buy,2,866800,1,6
HYDROGEL_PACK,buy,2,923800,1,6
HYDROGEL_PACK,buy,2,940100,1,6
HYDROGEL_PACK,buy,2,993200,1,6
HYDROGEL_PACK,buy,3,4400,1,6
HYDROGEL_PACK,buy,3,22500,1,6
HYDROGEL_PACK,buy,3,34200,1,6
HYDROGEL_PACK,buy,3,61300,1,6
HYDROGEL_PACK,buy,3,79900,1,6
HYDROGEL_PACK,buy,3,142700,1,6
HYDROGEL_PACK,buy,3,151400,1,6
HYDROGEL_PACK,buy,3,157500,1,6
HYDROGEL_PACK,buy,3,182100,1,6
HYDROGEL_PACK,buy,3,230900,1,6
HYDROGEL_PACK,buy,3,247000,1,6
HYDROGEL_PACK,buy,3,262100,1,6
HYDROGEL_PACK,buy,3,266300,1,6
HYDROGEL_PACK,buy,3,296200,1,6
HYDROGEL_PACK,buy,3,334800,1,6
HYDROGEL_PACK,buy,3,344800,1,6
HYDROGEL_PACK,buy,3,380200,1,6
HYDROGEL_PACK,buy,3,406800,1,6
HYDROGEL_PACK,buy,3,438800,1,6
HYDROGEL_PACK,buy,3,451300,1,6
HYDROGEL_PACK,buy,3,465600,1,6
HYDROGEL_PACK,buy,3,473400,1,6
HYDROGEL_PACK,buy,3,504500,1,6
HYDROGEL_PACK,buy,3,517800,1,6
HYDROGEL_PACK,buy,3,620100,1,6
HYDROGEL_PACK,buy,3,621500,1,6
HYDROGEL_PACK,buy,3,633800,1,6
HYDROGEL_PACK,buy,3,658900,1,6
HYDROGEL_PACK,buy,3,662300,1,6
HYDROGEL_PACK,buy,3,680400,1,6
HYDROGEL_PACK,buy,3,730900,1,6
HYDROGEL_PACK,buy,3,735900,1,6
HYDROGEL_PACK,buy,3,759800,1,6
HYDROGEL_PACK,buy,3,802100,1,6
HYDROGEL_PACK,buy,3,816700,1,6
HYDROGEL_PACK,buy,3,910900,1,6
HYDROGEL_PACK,buy,3,950100,1,6
HYDROGEL_PACK,buy,3,975300,1,6
HYDROGEL_PACK,sell,1,22800,1,6
HYDROGEL_PACK,sell,1,33600,1,6
HYDROGEL_PACK,sell,1,43900,1,6
HYDROGEL_PACK,sell,1,81300,1,6
HYDROGEL_PACK,sell,1,101500,1,6
HYDROGEL_PACK,sell,1,134500,1,6
HYDROGEL_PACK,sell,1,151200,1,6
HYDROGEL_PACK,sell,1,156400,1,6
HYDROGEL_PACK,sell,1,161200,1,6
HYDROGEL_PACK,sell,1,203200,1,6
HYDROGEL_PACK,sell,1,211100,1,6
HYDROGEL_PACK,sell,1,292800,1,6
HYDROGEL_PACK,sell,1,302400,1,6
HYDROGEL_PACK,sell,1,403600,1,6
HYDROGEL_PACK,sell,1,409300,1,6
HYDROGEL_PACK,sell,1,499900,1,6
HYDROGEL_PACK,sell,1,501400,1,6
HYDROGEL_PACK,sell,1,503500,1,6
HYDROGEL_PACK,sell,1,507800,1,6
HYDROGEL_PACK,sell,1,578800,1,6
HYDROGEL_PACK,sell,1,647900,1,6
HYDROGEL_PACK,sell,1,653200,1,6
HYDROGEL_PACK,sell,1,695200,1,6
HYDROGEL_PACK,sell,1,725800,1,6
HYDROGEL_PACK,sell,1,730800,1,6
HYDROGEL_PACK,sell,1,745000,1,6
HYDROGEL_PACK,sell,1,756600,1,6
HYDROGEL_PACK,sell,1,845500,1,6
HYDROGEL_PACK,sell,1,862900,1,6
HYDROGEL_PACK,sell,1,894300,1,6
HYDROGEL_PACK,sell,1,912000,1,6
HYDROGEL_PACK,sell,1,918500,1,6
HYDROGEL_PACK,sell,1,936500,1,6
HYDROGEL_PACK,sell,1,957800,1,6
HYDROGEL_PACK,sell,1,982900,1,6
HYDROGEL_PACK,sell,1,988400,1,6
HYDROGEL_PACK,sell,2,10200,1,6
HYDROGEL_PACK,sell,2,151600,1,6
HYDROGEL_PACK,sell,2,164600,1,6
HYDROGEL_PACK,sell,2,235700,1,6
HYDROGEL_PACK,sell,2,279900,1,6
HYDROGEL_PACK,sell,2,351400,1,6
HYDROGEL_PACK,sell,2,449000,1,6
HYDROGEL_PACK,sell,2,511000,1,6
HYDROGEL_PACK,sell,2,547000,1,6
HYDROGEL_PACK,sell,2,548500,1,6
HYDROGEL_PACK,sell,2,585200,1,6
HYDROGEL_PACK,sell,2,601600,1,6
HYDROGEL_PACK,sell,2,661900,1,6
HYDROGEL_PACK,sell,2,686100,1,6
HYDROGEL_PACK,sell,2,707900,1,6
HYDROGEL_PACK,sell,2,715500,1,6
HYDROGEL_PACK,sell,2,736200,1,6
HYDROGEL_PACK,sell,2,784000,1,6
HYDROGEL_PACK,sell,2,795400,1,6
HYDROGEL_PACK,sell,2,842800,1,6
HYDROGEL_PACK,sell,2,849400,1,6
HYDROGEL_PACK,sell,2,861800,1,6
HYDROGEL_PACK,sell,2,867500,1,6
HYDROGEL_PACK,sell,2,891600,1,6
HYDROGEL_PACK,sell,2,928800,1,6
HYDROGEL_PACK,sell,2,929600,1,6
HYDROGEL_PACK,sell,2,947900,1,6
HYDROGEL_PACK,sell,2,949800,1,6
HYDROGEL_PACK,sell,2,965500,1,6
HYDROGEL_PACK,sell,3,52300,1,6
HYDROGEL_PACK,sell,3,56200,1,6
HYDROGEL_PACK,sell,3,100500,1,6
HYDROGEL_PACK,sell,3,109500,1,6
HYDROGEL_PACK,sell,3,119000,1,6
HYDROGEL_PACK,sell,3,126600,1,6
HYDROGEL_PACK,sell,3,136100,1,6
HYDROGEL_PACK,sell,3,182500,1,6
HYDROGEL_PACK,sell,3,206300,1,6
HYDROGEL_PACK,sell,3,261600,1,6
HYDROGEL_PACK,sell,3,265900,1,6
HYDROGEL_PACK,sell,3,270900,1,6
HYDROGEL_PACK,sell,3,276600,1,6
HYDROGEL_PACK,sell,3,277800,1,6
HYDROGEL_PACK,sell,3,390600,1,6
HYDROGEL_PACK,sell,3,394800,1,6
HYDROGEL_PACK,sell,3,398500,1,6
HYDROGEL_PACK,sell,3,404300,1,6
HYDROGEL_PACK,sell,3,465000,1,6
HYDROGEL_PACK,sell,3,511400,1,6
HYDROGEL_PACK,sell,3,519500,1,6
HYDROGEL_PACK,sell,3,519700,1,6
HYDROGEL_PACK,sell,3,536400,1,6
HYDROGEL_PACK,sell,3,541100,1,6
HYDROGEL_PACK,sell,3,544900,1,6
HYDROGEL_PACK,sell,3,672800,1,6
HYDROGEL_PACK,sell,3,688400,1,6
HYDROGEL_PACK,sell,3,719500,1,6
HYDROGEL_PACK,sell,3,741800,1,6
HYDROGEL_PACK,sell,3,776400,1,6
HYDROGEL_PACK,sell,3,793200,1,6
HYDROGEL_PACK,sell,3,813500,1,6
HYDROGEL_PACK,sell,3,837800,1,6
HYDROGEL_PACK,sell,3,838300,1,6
HYDROGEL_PACK,sell,3,869600,1,6
HYDROGEL_PACK,sell,3,903300,1,6
HYDROGEL_PACK,sell,3,927500,1,6
HYDROGEL_PACK,buy,1,6200,1,5
HYDROGEL_PACK,buy,1,40900,1,5
HYDROGEL_PACK,buy,1,41300,1,5
HYDROGEL_PACK,buy,1,63200,1,5
HYDROGEL_PACK,buy,1,145600,1,5
HYDROGEL_PACK,buy,1,164300,1,5
HYDROGEL_PACK,buy,1,174200,1,5
HYDROGEL_PACK,buy,1,202700,1,5
HYDROGEL_PACK,buy,1,218500,1,5
HYDROGEL_PACK,buy,1,221200,1,5
HYDROGEL_PACK,buy,1,248200,1,5
HYDROGEL_PACK,buy,1,254700,1,5
HYDROGEL_PACK,buy,1,295000,1,5
HYDROGEL_PACK,buy,1,306500,1,5
HYDROGEL_PACK,buy,1,316200,1,5
HYDROGEL_PACK,buy,1,323300,1,5
HYDROGEL_PACK,buy,1,364800,1,5
HYDROGEL_PACK,buy,1,383300,1,5
HYDROGEL_PACK,buy,1,436200,1,5
HYDROGEL_PACK,buy,1,479100,1,5
HYDROGEL_PACK,buy,1,513200,1,5
HYDROGEL_PACK,buy,1,533400,1,5
HYDROGEL_PACK,buy,1,630400,1,5
HYDROGEL_PACK,buy,1,681500,1,5
HYDROGEL_PACK,buy,1,690500,1,5
HYDROGEL_PACK,buy,1,698300,1,5
HYDROGEL_PACK,buy,1,700400,1,5
HYDROGEL_PACK,buy,1,701200,1,5
HYDROGEL_PACK,buy,1,759100,1,5
HYDROGEL_PACK,buy,1,768800,1,5
HYDROGEL_PACK,buy,1,800600,1,5
HYDROGEL_PACK,buy,1,909300,1,5
HYDROGEL_PACK,buy,1,950700,1,5
HYDROGEL_PACK,buy,1,953700,1,5
HYDROGEL_PACK,buy,2,60700,1,5
HYDROGEL_PACK,buy,2,114500,1,5
HYDROGEL_PACK,buy,2,145100,1,5
HYDROGEL_PACK,buy,2,169200,1,5
HYDROGEL_PACK,buy,2,239800,1,5
HYDROGEL_PACK,buy,2,272900,1,5
HYDROGEL_PACK,buy,2,283700,1,5
HYDROGEL_PACK,buy,2,288000,1,5
HYDROGEL_PACK,buy,2,306100,1,5
HYDROGEL_PACK,buy,2,392400,1,5
HYDROGEL_PACK,buy,2,394300,1,5
HYDROGEL_PACK,buy,2,413500,1,5
HYDROGEL_PACK,buy,2,556000,1,5
HYDROGEL_PACK,buy,2,556100,1,5
HYDROGEL_PACK,buy,2,576700,1,5
HYDROGEL_PACK,buy,2,659500,1,5
HYDROGEL_PACK,buy,2,681000,1,5
HYDROGEL_PACK,buy,2,686700,1,5
HYDROGEL_PACK,buy,2,734200,1,5
HYDROGEL_PACK,buy,2,749400,1,5
HYDROGEL_PACK,buy,2,804500,1,5
HYDROGEL_PACK,buy,2,880800,1,5
HYDROGEL_PACK,buy,2,890200,1,5
HYDROGEL_PACK,buy,2,902500,1,5
HYDROGEL_PACK,buy,2,918200,1,5
HYDROGEL_PACK,buy,2,948400,1,5
HYDROGEL_PACK,buy,2,968600,1,5
HYDROGEL_PACK,buy,3,83500,1,5
HYDROGEL_PACK,buy,3,95200,1,5
HYDROGEL_PACK,buy,3,118500,1,5
HYDROGEL_PACK,buy,3,131500,1,5
HYDROGEL_PACK,buy,3,173800,1,5
HYDROGEL_PACK,buy,3,198800,1,5
HYDROGEL_PACK,buy,3,221900,1,5
HYDROGEL_PACK,buy,3,310600,1,5
HYDROGEL_PACK,buy,3,347100,1,5
HYDROGEL_PACK,buy,3,396500,1,5
HYDROGEL_PACK,buy,3,397100,1,5
HYDROGEL_PACK,buy,3,480200,1,5
HYDROGEL_PACK,buy,3,533800,1,5
HYDROGEL_PACK,buy,3,555500,1,5
HYDROGEL_PACK,buy,3,578300,1,5
HYDROGEL_PACK,buy,3,591200,1,5
HYDROGEL_PACK,buy,3,610300,1,5
HYDROGEL_PACK,buy,3,624000,1,5
HYDROGEL_PACK,buy,3,642300,1,5
HYDROGEL_PACK,buy,3,686400,1,5
HYDROGEL_PACK,buy,3,694500,1,5
HYDROGEL_PACK,buy,3,752700,1,5
HYDROGEL_PACK,buy,3,791800,1,5
HYDROGEL_PACK,buy,3,875200,1,5
HYDROGEL_PACK,buy,3,879700,1,5
HYDROGEL_PACK,buy,3,886300,1,5
HYDROGEL_PACK,buy,3,891200,1,5
HYDROGEL_PACK,buy,3,891600,1,5
HYDROGEL_PACK,buy,3,963600,1,5
HYDROGEL_PACK,buy,3,989800,1,5
HYDROGEL_PACK,sell,1,32000,1,5
HYDROGEL_PACK,sell,1,52400,1,5
HYDROGEL_PACK,sell,1,101400,1,5
HYDROGEL_PACK,sell,1,107100,1,5
HYDROGEL_PACK,sell,1,130800,1,5
HYDROGEL_PACK,sell,1,152700,1,5
HYDROGEL_PACK,sell,1,182800,1,5
HYDROGEL_PACK,sell,1,192800,1,5
HYDROGEL_PACK,sell,1,210600,1,5
HYDROGEL_PACK,sell,1,226100,1,5
HYDROGEL_PACK,sell,1,285400,1,5
HYDROGEL_PACK,sell,1,327600,1,5
HYDROGEL_PACK,sell,1,335300,1,5
HYDROGEL_PACK,sell,1,342400,1,5
HYDROGEL_PACK,sell,1,344000,1,5
HYDROGEL_PACK,sell,1,348500,1,5
HYDROGEL_PACK,sell,1,373700,1,5
HYDROGEL_PACK,sell,1,394800,1,5
HYDROGEL_PACK,sell,1,450000,1,5
HYDROGEL_PACK,sell,1,477600,1,5
HYDROGEL_PACK,sell,1,495300,1,5
HYDROGEL_PACK,sell,1,509900,1,5
HYDROGEL_PACK,sell,1,519000,1,5
HYDROGEL_PACK,sell,1,530600,1,5
HYDROGEL_PACK,sell,1,568700,1,5
HYDROGEL_PACK,sell,1,604700,1,5
HYDROGEL_PACK,sell,1,606400,1,5
HYDROGEL_PACK,sell,1,653300,1,5
HYDROGEL_PACK,sell,1,699100,1,5
HYDROGEL_PACK,sell,1,724400,1,5
HYDROGEL_PACK,sell,1,775100,1,5
HYDROGEL_PACK,sell,1,800100,1,5
HYDROGEL_PACK,sell,1,847200,1,5
HYDROGEL_PACK,sell,1,867100,1,5
HYDROGEL_PACK,sell,1,871700,1,5
HYDROGEL_PACK,sell,1,924500,1,5
HYDROGEL_PACK,sell,1,950300,1,5
HYDROGEL_PACK,sell,2,71800,1,5
HYDROGEL_PACK,sell,2,143800,1,5
HYDROGEL_PACK,sell,2,153200,1,5
HYDROGEL_PACK,sell,2,181600,1,5
HYDROGEL_PACK,sell,2,195600,1,5
HYDROGEL_PACK,sell,2,206700,1,5
HYDROGEL_PACK,sell,2,256200,1,5
HYDROGEL_PACK,sell,2,265200,1,5
HYDROGEL_PACK,sell,2,359500,1,5
HYDROGEL_PACK,sell,2,385500,1,5
HYDROGEL_PACK,sell,2,401200,1,5
HYDROGEL_PACK,sell,2,421100,1,5
HYDROGEL_PACK,sell,2,488700,1,5
HYDROGEL_PACK,sell,2,500600,1,5
HYDROGEL_PACK,sell,2,516500,1,5
HYDROGEL_PACK,sell,2,524600,1,5
HYDROGEL_PACK,sell,2,610900,1,5
HYDROGEL_PACK,sell,2,620000,1,5
HYDROGEL_PACK,sell,2,689700,1,5
HYDROGEL_PACK,sell,2,690800,1,5
HYDROGEL_PACK,sell,2,691600,1,5
HYDROGEL_PACK,sell,2,719000,1,5
HYDROGEL_PACK,sell,2,743500,1,5
HYDROGEL_PACK,sell,2,752500,1,5
HYDROGEL_PACK,sell,2,787400,1,5
HYDROGEL_PACK,sell,2,827000,1,5
HYDROGEL_PACK,sell,2,863300,1,5
HYDROGEL_PACK,sell,2,876900,1,5
HYDROGEL_PACK,sell,2,944300,1,5
HYDROGEL_PACK,sell,2,961700,1,5
HYDROGEL_PACK,sell,2,984700,1,5
HYDROGEL_PACK,sell,3,8100,1,5
HYDROGEL_PACK,sell,3,24500,1,5
HYDROGEL_PACK,sell,3,35500,1,5
HYDROGEL_PACK,sell,3,38600,1,5
HYDROGEL_PACK,sell,3,50700,1,5
HYDROGEL_PACK,sell,3,84900,1,5
HYDROGEL_PACK,sell,3,108400,1,5
HYDROGEL_PACK,sell,3,110200,1,5
HYDROGEL_PACK,sell,3,180800,1,5
HYDROGEL_PACK,sell,3,202200,1,5
HYDROGEL_PACK,sell,3,205100,1,5
HYDROGEL_PACK,sell,3,209200,1,5
HYDROGEL_PACK,sell,3,220600,1,5
HYDROGEL_PACK,sell,3,230300,1,5
HYDROGEL_PACK,sell,3,312800,1,5
HYDROGEL_PACK,sell,3,332700,1,5
HYDROGEL_PACK,sell,3,368900,1,5
HYDROGEL_PACK,sell,3,377800,1,5
HYDROGEL_PACK,sell,3,386400,1,5
HYDROGEL_PACK,sell,3,466900,1,5
HYDROGEL_PACK,sell,3,497600,1,5
HYDROGEL_PACK,sell,3,498100,1,5
HYDROGEL_PACK,sell,3,604800,1,5
HYDROGEL_PACK,sell,3,736500,1,5
HYDROGEL_PACK,sell,3,783800,1,5
HYDROGEL_PACK,sell,3,791400,1,5
HYDROGEL_PACK,sell,3,828300,1,5
HYDROGEL_PACK,sell,3,866600,1,5
HYDROGEL_PACK,sell,3,882400,1,5
HYDROGEL_PACK,sell,3,912400,1,5
HYDROGEL_PACK,sell,3,951200,1,5
HYDROGEL_PACK,sell,3,963700,1,5
HYDROGEL_PACK,sell,3,965600,1,5
HYDROGEL_PACK,sell,3,966700,1,5
HYDROGEL_PACK,sell,3,975900,1,5
HYDROGEL_PACK,sell,3,977400,1,5
HYDROGEL_PACK,buy,1,5100,1,4
HYDROGEL_PACK,buy,1,15000,1,4
HYDROGEL_PACK,buy,1,78500,1,4
HYDROGEL_PACK,buy,1,94400,1,4
HYDROGEL_PACK,buy,1,103100,1,4
HYDROGEL_PACK,buy,1,126000,1,4
HYDROGEL_PACK,buy,1,155900,1,4
HYDROGEL_PACK,buy,1,185800,1,4
HYDROGEL_PACK,buy,1,193400,1,4
HYDROGEL_PACK,buy,1,217500,1,4
HYDROGEL_PACK,buy,1,230000,1,4
HYDROGEL_PACK,buy,1,262300,1,4
HYDROGEL_PACK,buy,1,266300,1,4
HYDROGEL_PACK,buy,1,266600,1,4
HYDROGEL_PACK,buy,1,318300,1,4
HYDROGEL_PACK,buy,1,335500,1,4
HYDROGEL_PACK,buy,1,363100,1,4
HYDROGEL_PACK,buy,1,380700,1,4
HYDROGEL_PACK,buy,1,383600,1,4
HYDROGEL_PACK,buy,1,396300,1,4
HYDROGEL_PACK,buy,1,397800,1,4
HYDROGEL_PACK,buy,1,411000,1,4
HYDROGEL_PACK,buy,1,494500,1,4
HYDROGEL_PACK,buy,1,507200,1,4
HYDROGEL_PACK,buy,1,526600,1,4
HYDROGEL_PACK,buy,1,600400,1,4
HYDROGEL_PACK,buy,1,640700,1,4
HYDROGEL_PACK,buy,1,669200,1,4
HYDROGEL_PACK,buy,1,727900,1,4
HYDROGEL_PACK,buy,1,731000,1,4
HYDROGEL_PACK,buy,1,767100,1,4
HYDROGEL_PACK,buy,1,792200,1,4
HYDROGEL_PACK,buy,1,876000,1,4
HYDROGEL_PACK,buy,1,899200,1,4
HYDROGEL_PACK,buy,1,908700,1,4
HYDROGEL_PACK,buy,1,914400,1,4
HYDROGEL_PACK,buy,1,914800,1,4
HYDROGEL_PACK,buy,1,985400,1,4
HYDROGEL_PACK,buy,1,985800,1,4
HYDROGEL_PACK,buy,2,11200,1,4
HYDROGEL_PACK,buy,2,129400,1,4
HYDROGEL_PACK,buy,2,150600,1,4
HYDROGEL_PACK,buy,2,157000,1,4
HYDROGEL_PACK,buy,2,161100,1,4
HYDROGEL_PACK,buy,2,170100,1,4
HYDROGEL_PACK,buy,2,193400,1,4
HYDROGEL_PACK,buy,2,224300,1,4
HYDROGEL_PACK,buy,2,310100,1,4
HYDROGEL_PACK,buy,2,315400,1,4
HYDROGEL_PACK,buy,2,347400,1,4
HYDROGEL_PACK,buy,2,416600,1,4
HYDROGEL_PACK,buy,2,420200,1,4
HYDROGEL_PACK,buy,2,430200,1,4
HYDROGEL_PACK,buy,2,430700,1,4
HYDROGEL_PACK,buy,2,433900,1,4
HYDROGEL_PACK,buy,2,443400,1,4
HYDROGEL_PACK,buy,2,452800,1,4
HYDROGEL_PACK,buy,2,561000,1,4
HYDROGEL_PACK,buy,2,587700,1,4
HYDROGEL_PACK,buy,2,592200,1,4
HYDROGEL_PACK,buy,2,597500,1,4
HYDROGEL_PACK,buy,2,634300,1,4
HYDROGEL_PACK,buy,2,674400,1,4
HYDROGEL_PACK,buy,2,694500,1,4
HYDROGEL_PACK,buy,2,697000,1,4
HYDROGEL_PACK,buy,2,753400,1,4
HYDROGEL_PACK,buy,2,771300,1,4
HYDROGEL_PACK,buy,2,802700,1,4
HYDROGEL_PACK,buy,2,855100,1,4
HYDROGEL_PACK,buy,2,870400,1,4
HYDROGEL_PACK,buy,2,967500,1,4
HYDROGEL_PACK,buy,2,992200,1,4
HYDROGEL_PACK,buy,3,19200,1,4
HYDROGEL_PACK,buy,3,22300,1,4
HYDROGEL_PACK,buy,3,89800,1,4
HYDROGEL_PACK,buy,3,112400,1,4
HYDROGEL_PACK,buy,3,121500,1,4
HYDROGEL_PACK,buy,3,125300,1,4
HYDROGEL_PACK,buy,3,138200,1,4
HYDROGEL_PACK,buy,3,152300,1,4
HYDROGEL_PACK,buy,3,160100,1,4
HYDROGEL_PACK,buy,3,183400,1,4
HYDROGEL_PACK,buy,3,205400,1,4
HYDROGEL_PACK,buy,3,259200,1,4
HYDROGEL_PACK,buy,3,366200,1,4
HYDROGEL_PACK,buy,3,391700,1,4
HYDROGEL_PACK,buy,3,417100,1,4
HYDROGEL_PACK,buy,3,424000,1,4
HYDROGEL_PACK,buy,3,434400,1,4
HYDROGEL_PACK,buy,3,461400,1,4
HYDROGEL_PACK,buy,3,486800,1,4
HYDROGEL_PACK,buy,3,490700,1,4
HYDROGEL_PACK,buy,3,495400,1,4
HYDROGEL_PACK,buy,3,540300,1,4
HYDROGEL_PACK,buy,3,565700,1,4
HYDROGEL_PACK,buy,3,590000,1,4
HYDROGEL_PACK,buy,3,644900,1,4
HYDROGEL_PACK,buy,3,647400,1,4
HYDROGEL_PACK,buy,3,660300,1,4
HYDROGEL_PACK,buy,3,664700,1,4
HYDROGEL_PACK,buy,3,714200,1,4
HYDROGEL_PACK,buy,3,727700,1,4
HYDROGEL_PACK,buy,3,776900,1,4
HYDROGEL_PACK,buy,3,904700,1,4
HYDROGEL_PACK,buy,3,907300,1,4
HYDROGEL_PACK,buy,3,933300,1,4
HYDROGEL_PACK,buy,3,992400,1,4
HYDROGEL_PACK,sell,1,37400,1,4
HYDROGEL_PACK,sell,1,53000,1,4
HYDROGEL_PACK,sell,1,59300,1,4
HYDROGEL_PACK,sell,1,64300,1,4
HYDROGEL_PACK,sell,1,65400,1,4
HYDROGEL_PACK,sell,1,92100,1,4
HYDROGEL_PACK,sell,1,129800,1,4
HYDROGEL_PACK,sell,1,133700,1,4
HYDROGEL_PACK,sell,1,151100,1,4
HYDROGEL_PACK,sell,1,188400,1,4
HYDROGEL_PACK,sell,1,239600,1,4
HYDROGEL_PACK,sell,1,255000,1,4
HYDROGEL_PACK,sell,1,308100,1,4
HYDROGEL_PACK,sell,1,317100,1,4
HYDROGEL_PACK,sell,1,457700,1,4
HYDROGEL_PACK,sell,1,489600,1,4
HYDROGEL_PACK,sell,1,500800,1,4
HYDROGEL_PACK,sell,1,515200,1,4
HYDROGEL_PACK,sell,1,566100,1,4
HYDROGEL_PACK,sell,1,580600,1,4
HYDROGEL_PACK,sell,1,614100,1,4
HYDROGEL_PACK,sell,1,637500,1,4
HYDROGEL_PACK,sell,1,647600,1,4
HYDROGEL_PACK,sell,1,673800,1,4
HYDROGEL_PACK,sell,1,768100,1,4
HYDROGEL_PACK,sell,1,786700,1,4
HYDROGEL_PACK,sell,1,797600,1,4
HYDROGEL_PACK,sell,1,805300,1,4
HYDROGEL_PACK,sell,1,816800,1,4
HYDROGEL_PACK,sell,1,821100,1,4
HYDROGEL_PACK,sell,1,853500,1,4
HYDROGEL_PACK,sell,1,898200,1,4
HYDROGEL_PACK,sell,1,901400,1,4
HYDROGEL_PACK,sell,1,964700,1,4
HYDROGEL_PACK,sell,1,988000,1,4
HYDROGEL_PACK,sell,1,989000,1,4
HYDROGEL_PACK,sell,2,29200,1,4
HYDROGEL_PACK,sell,2,44000,1,4
HYDROGEL_PACK,sell,2,49400,1,4
HYDROGEL_PACK,sell,2,219200,1,4
HYDROGEL_PACK,sell,2,238900,1,4
HYDROGEL_PACK,sell,2,239400,1,4
HYDROGEL_PACK,sell,2,243800,1,4
HYDROGEL_PACK,sell,2,282200,1,4
HYDROGEL_PACK,sell,2,300800,1,4
HYDROGEL_PACK,sell,2,338400,1,4
HYDROGEL_PACK,sell,2,384800,1,4
HYDROGEL_PACK,sell,2,498500,1,4
HYDROGEL_PACK,sell,2,501600,1,4
HYDROGEL_PACK,sell,2,512800,1,4
HYDROGEL_PACK,sell,2,582600,1,4
HYDROGEL_PACK,sell,2,645000,1,4
HYDROGEL_PACK,sell,2,650000,1,4
HYDROGEL_PACK,sell,2,739000,1,4
HYDROGEL_PACK,sell,2,740000,1,4
HYDROGEL_PACK,sell,2,755000,1,4
HYDROGEL_PACK,sell,2,766500,1,4
HYDROGEL_PACK,sell,2,775300,1,4
HYDROGEL_PACK,sell,2,824000,1,4
HYDROGEL_PACK,sell,2,834000,1,4
HYDROGEL_PACK,sell,2,903600,1,4
HYDROGEL_PACK,sell,2,927700,1,4
HYDROGEL_PACK,sell,2,958400,1,4
HYDROGEL_PACK,sell,2,994800,1,4
HYDROGEL_PACK,sell,3,38400,1,4
HYDROGEL_PACK,sell,3,69000,1,4
HYDROGEL_PACK,sell,3,87100,1,4
HYDROGEL_PACK,sell,3,122600,1,4
HYDROGEL_PACK,sell,3,130000,1,4
HYDROGEL_PACK,sell,3,189100,1,4
HYDROGEL_PACK,sell,3,203300,1,4
HYDROGEL_PACK,sell,3,204800,1,4
HYDROGEL_PACK,sell,3,236300,1,4
HYDROGEL_PACK,sell,3,254800,1,4
HYDROGEL_PACK,sell,3,256400,1,4
HYDROGEL_PACK,sell,3,306100,1,4
HYDROGEL_PACK,sell,3,370200,1,4
HYDROGEL_PACK,sell,3,391900,1,4
HYDROGEL_PACK,sell,3,451000,1,4
HYDROGEL_PACK,sell,3,453000,1,4
HYDROGEL_PACK,sell,3,459700,1,4
HYDROGEL_PACK,sell,3,474600,1,4
HYDROGEL_PACK,sell,3,476900,1,4
HYDROGEL_PACK,sell,3,481200,1,4
HYDROGEL_PACK,sell,3,684800,1,4
HYDROGEL_PACK,sell,3,699400,1,4
HYDROGEL_PACK,sell,3,733000,1,4
HYDROGEL_PACK,sell,3,795000,1,4
HYDROGEL_PACK,sell,3,804700,1,4
HYDROGEL_PACK,sell,3,898600,1,4
HYDROGEL_PACK,sell,3,928000,1,4
HYDROGEL_PACK,sell,3,955600,1,4
HYDROGEL_PACK,sell,3,962600,1,4
HYDROGEL_PACK,buy,1,31400,1,3
HYDROGEL_PACK,buy,1,76600,1,3
HYDROGEL_PACK,buy,1,81700,1,3
HYDROGEL_PACK,buy,1,82300,1,3
HYDROGEL_PACK,buy,1,99000,1,3
HYDROGEL_PACK,buy,1,119400,1,3
HYDROGEL_PACK,buy,1,148000,1,3
HYDROGEL_PACK,buy,1,199400,1,3
HYDROGEL_PACK,buy,1,218900,1,3
HYDROGEL_PACK,buy,1,230800,1,3
HYDROGEL_PACK,buy,1,290900,1,3
HYDROGEL_PACK,buy,1,297100,1,3
HYDROGEL_PACK,buy,1,301100,1,3
HYDROGEL_PACK,buy,1,345900,1,3
HYDROGEL_PACK,buy,1,351000,1,3
HYDROGEL_PACK,buy,1,373400,1,3
HYDROGEL_PACK,buy,1,411400,1,3
HYDROGEL_PACK,buy,1,476200,1,3
HYDROGEL_PACK,buy,1,534800,1,3
HYDROGEL_PACK,buy,1,578600,1,3
HYDROGEL_PACK,buy,1,635700,1,3
HYDROGEL_PACK,buy,1,647000,1,3
HYDROGEL_PACK,buy,1,666100,1,3
HYDROGEL_PACK,buy,1,701500,1,3
HYDROGEL_PACK,buy,1,707100,1,3
HYDROGEL_PACK,buy,1,716700,1,3
HYDROGEL_PACK,buy,1,726700,1,3
HYDROGEL_PACK,buy,1,729700,1,3
HYDROGEL_PACK,buy,1,799500,1,3
HYDROGEL_PACK,buy,1,815000,1,3
HYDROGEL_PACK,buy,1,844800,1,3
HYDROGEL_PACK,buy,1,848400,1,3
HYDROGEL_PACK,buy,1,870000,1,3
HYDROGEL_PACK,buy,1,876400,1,3
HYDROGEL_PACK,buy,1,917900,1,3
HYDROGEL_PACK,buy,1,929300,1,3
HYDROGEL_PACK,buy,1,936400,1,3
HYDROGEL_PACK,buy,1,946400,1,3
HYDROGEL_PACK,buy,1,971900,1,3
HYDROGEL_PACK,buy,2,45100,1,3
HYDROGEL_PACK,buy,2,49800,1,3
HYDROGEL_PACK,buy,2,72700,1,3
HYDROGEL_PACK,buy,2,90100,1,3
HYDROGEL_PACK,buy,2,101800,1,3
HYDROGEL_PACK,buy,2,102400,1,3
HYDROGEL_PACK,buy,2,124900,1,3
HYDROGEL_PACK,buy,2,206200,1,3
HYDROGEL_PACK,buy,2,233000,1,3
HYDROGEL_PACK,buy,2,273400,1,3
HYDROGEL_PACK,buy,2,277300,1,3
HYDROGEL_PACK,buy,2,299100,1,3
HYDROGEL_PACK,buy,2,314800,1,3
HYDROGEL_PACK,buy,2,387500,1,3
HYDROGEL_PACK,buy,2,408000,1,3
HYDROGEL_PACK,buy,2,409400,1,3
HYDROGEL_PACK,buy,2,423800,1,3
HYDROGEL_PACK,buy,2,429500,1,3
HYDROGEL_PACK,buy,2,478900,1,3
HYDROGEL_PACK,buy,2,482400,1,3
HYDROGEL_PACK,buy,2,534900,1,3
HYDROGEL_PACK,buy,2,573800,1,3
HYDROGEL_PACK,buy,2,604400,1,3
HYDROGEL_PACK,buy,2,675600,1,3
HYDROGEL_PACK,buy,2,750200,1,3
HYDROGEL_PACK,buy,2,780000,1,3
HYDROGEL_PACK,buy,2,818600,1,3
HYDROGEL_PACK,buy,2,843300,1,3
HYDROGEL_PACK,buy,2,866200,1,3
HYDROGEL_PACK,buy,2,921800,1,3
HYDROGEL_PACK,buy,2,970300,1,3
HYDROGEL_PACK,buy,2,978600,1,3
HYDROGEL_PACK,buy,2,984200,1,3
HYDROGEL_PACK,buy,3,28400,1,3
HYDROGEL_PACK,buy,3,200100,1,3
HYDROGEL_PACK,buy,3,217100,1,3
HYDROGEL_PACK,buy,3,358100,1,3
HYDROGEL_PACK,buy,3,361700,1,3
HYDROGEL_PACK,buy,3,363700,1,3
HYDROGEL_PACK,buy,3,366700,1,3
HYDROGEL_PACK,buy,3,395500,1,3
HYDROGEL_PACK,buy,3,400200,1,3
HYDROGEL_PACK,buy,3,439100,1,3
HYDROGEL_PACK,buy,3,516400,1,3
HYDROGEL_PACK,buy,3,527400,1,3
HYDROGEL_PACK,buy,3,531800,1,3
HYDROGEL_PACK,buy,3,607900,1,3
HYDROGEL_PACK,buy,3,615400,1,3
HYDROGEL_PACK,buy,3,649200,1,3
HYDROGEL_PACK,buy,3,668700,1,3
HYDROGEL_PACK,buy,3,670700,1,3
HYDROGEL_PACK,buy,3,713700,1,3
HYDROGEL_PACK,buy,3,770100,1,3
HYDROGEL_PACK,buy,3,785000,1,3
HYDROGEL_PACK,buy,3,858600,1,3
HYDROGEL_PACK,buy,3,872200,1,3
HYDROGEL_PACK,buy,3,896900,1,3
HYDROGEL_PACK,buy,3,911700,1,3
HYDROGEL_PACK,buy,3,935300,1,3
HYDROGEL_PACK,buy,3,960300,1,3
HYDROGEL_PACK,buy,3,986200,1,3
HYDROGEL_PACK,sell,1,48300,1,3
HYDROGEL_PACK,sell,1,73500,1,3
HYDROGEL_PACK,sell,1,79000,1,3
HYDROGEL_PACK,sell,1,103500,1,3
HYDROGEL_PACK,sell,1,115500,1,3
HYDROGEL_PACK,sell,1,137800,1,3
HYDROGEL_PACK,sell,1,159900,1,3
HYDROGEL_PACK,sell,1,167300,1,3
HYDROGEL_PACK,sell,1,178000,1,3
HYDROGEL_PACK,sell,1,182100,1,3
HYDROGEL_PACK,sell,1,235900,1,3
HYDROGEL_PACK,sell,1,240600,1,3
HYDROGEL_PACK,sell,1,252500,1,3
HYDROGEL_PACK,sell,1,255400,1,3
HYDROGEL_PACK,sell,1,269300,1,3
HYDROGEL_PACK,sell,1,281100,1,3
HYDROGEL_PACK,sell,1,308000,1,3
HYDROGEL_PACK,sell,1,338100,1,3
HYDROGEL_PACK,sell,1,339500,1,3
HYDROGEL_PACK,sell,1,362700,1,3
HYDROGEL_PACK,sell,1,414400,1,3
HYDROGEL_PACK,sell,1,414800,1,3
HYDROGEL_PACK,sell,1,421500,1,3
HYDROGEL_PACK,sell,1,485300,1,3
HYDROGEL_PACK,sell,1,502000,1,3
HYDROGEL_PACK,sell,1,510100,1,3
HYDROGEL_PACK,sell,1,530300,1,3
HYDROGEL_PACK,sell,1,640300,1,3
HYDROGEL_PACK,sell,1,694900,1,3
HYDROGEL_PACK,sell,1,703000,1,3
HYDROGEL_PACK,sell,1,765800,1,3
HYDROGEL_PACK,sell,1,768200,1,3
HYDROGEL_PACK,sell,1,785200,1,3
HYDROGEL_PACK,sell,1,785800,1,3
HYDROGEL_PACK,sell,1,814500,1,3
HYDROGEL_PACK,sell,1,929800,1,3
HYDROGEL_PACK,sell,1,932100,1,3
HYDROGEL_PACK,sell,1,934300,1,3
HYDROGEL_PACK,sell,1,936700,1,3
HYDROGEL_PACK,sell,1,964000,1,3
HYDROGEL_PACK,sell,1,970500,1,3
HYDROGEL_PACK,sell,2,78700,1,3
HYDROGEL_PACK,sell,2,137000,1,3
HYDROGEL_PACK,sell,2,149900,1,3
HYDROGEL_PACK,sell,2,151400,1,3
HYDROGEL_PACK,sell,2,177100,1,3
HYDROGEL_PACK,sell,2,178100,1,3
HYDROGEL_PACK,sell,2,206600,1,3
HYDROGEL_PACK,sell,2,274400,1,3
HYDROGEL_PACK,sell,2,291000,1,3
HYDROGEL_PACK,sell,2,332800,1,3
HYDROGEL_PACK,sell,2,344100,1,3
HYDROGEL_PACK,sell,2,344500,1,3
HYDROGEL_PACK,sell,2,452000,1,3
HYDROGEL_PACK,sell,2,495700,1,3
HYDROGEL_PACK,sell,2,526300,1,3
HYDROGEL_PACK,sell,2,530900,1,3
HYDROGEL_PACK,sell,2,534700,1,3
HYDROGEL_PACK,sell,2,589300,1,3
HYDROGEL_PACK,sell,2,596100,1,3
HYDROGEL_PACK,sell,2,630700,1,3
HYDROGEL_PACK,sell,2,631400,1,3
HYDROGEL_PACK,sell,2,655500,1,3
HYDROGEL_PACK,sell,2,716900,1,3
HYDROGEL_PACK,sell,2,747700,1,3
HYDROGEL_PACK,sell,2,812700,1,3
HYDROGEL_PACK,sell,2,830600,1,3
HYDROGEL_PACK,sell,2,864200,1,3
HYDROGEL_PACK,sell,2,899900,1,3
HYDROGEL_PACK,sell,2,935400,1,3
HYDROGEL_PACK,sell,3,4500,1,3
HYDROGEL_PACK,sell,3,25600,1,3
HYDROGEL_PACK,sell,3,31300,1,3
HYDROGEL_PACK,sell,3,33900,1,3
HYDROGEL_PACK,sell,3,37100,1,3
HYDROGEL_PACK,sell,3,148500,1,3
HYDROGEL_PACK,sell,3,150300,1,3
HYDROGEL_PACK,sell,3,150700,1,3
HYDROGEL_PACK,sell,3,153700,1,3
HYDROGEL_PACK,sell,3,194700,1,3
HYDROGEL_PACK,sell,3,203500,1,3
HYDROGEL_PACK,sell,3,213400,1,3
HYDROGEL_PACK,sell,3,231300,1,3
HYDROGEL_PACK,sell,3,235900,1,3
HYDROGEL_PACK,sell,3,254900,1,3
HYDROGEL_PACK,sell,3,258200,1,3
HYDROGEL_PACK,sell,3,312000,1,3
HYDROGEL_PACK,sell,3,330700,1,3
HYDROGEL_PACK,sell,3,339000,1,3
HYDROGEL_PACK,sell,3,360100,1,3
HYDROGEL_PACK,sell,3,368400,1,3
HYDROGEL_PACK,sell,3,370900,1,3
HYDROGEL_PACK,sell,3,381000,1,3
HYDROGEL_PACK,sell,3,409100,1,3
HYDROGEL_PACK,sell,3,466400,1,3
HYDROGEL_PACK,sell,3,505300,1,3
HYDROGEL_PACK,sell,3,542500,1,3
HYDROGEL_PACK,sell,3,590500,1,3
HYDROGEL_PACK,sell,3,607100,1,3
HYDROGEL_PACK,sell,3,647700,1,3
HYDROGEL_PACK,sell,3,672400,1,3
HYDROGEL_PACK,sell,3,685500,1,3
HYDROGEL_PACK,sell,3,733100,1,3
HYDROGEL_PACK,sell,3,747600,1,3
HYDROGEL_PACK,sell,3,805800,1,3
HYDROGEL_PACK,sell,3,868700,1,3
HYDROGEL_PACK,sell,3,880600,1,3
HYDROGEL_PACK,sell,3,886600,1,3
HYDROGEL_PACK,sell,3,967300,1,3
HYDROGEL_PACK,sell,3,980200,1,3
HYDROGEL_PACK,sell,3,982800,1,3
VEV_4000,buy,1,25700,1,3
VEV_4000,buy,1,36200,1,3
VEV_4000,buy,1,50300,1,3
VEV_4000,buy,1,57600,1,3
VEV_4000,buy,1,63100,1,3
VEV_4000,buy,1,129100,1,3
VEV_4000,buy,1,137600,1,3
VEV_4000,buy,1,170900,1,3
VEV_4000,buy,1,184200,1,3
VEV_4000,buy,1,202300,1,3
VEV_4000,buy,1,251600,1,3
VEV_4000,buy,1,263100,1,3
VEV_4000,buy,1,323300,1,3
VEV_4000,buy,1,350900,1,3
VEV_4000,buy,1,481300,1,3
VEV_4000,buy,1,483200,1,3
VEV_4000,buy,1,552600,1,3
VEV_4000,buy,1,621700,1,3
VEV_4000,buy,1,631500,1,3
VEV_4000,buy,1,645000,1,3
VEV_4000,buy,1,743800,1,3
VEV_4000,buy,1,772000,1,3
VEV_4000,buy,1,870200,1,3
VEV_4000,buy,1,900800,1,3
VEV_4000,buy,1,998500,1,3
VEV_4000,buy,2,63800,1,3
VEV_4000,buy,2,153100,1,3
VEV_4000,buy,2,166700,1,3
VEV_4000,buy,2,249400,1,3
VEV_4000,buy,2,272900,1,3
VEV_4000,buy,2,370600,1,3
VEV_4000,buy,2,389600,1,3
VEV_4000,buy,2,438900,1,3
VEV_4000,buy,2,499900,1,3
VEV_4000,buy,2,627100,1,3
VEV_4000,buy,2,637900,1,3
VEV_4000,buy,2,658100,1,3
VEV_4000,buy,2,669900,1,3
VEV_4000,buy,2,739600,1,3
VEV_4000,buy,2,816800,1,3
VEV_4000,buy,2,825500,1,3
VEV_4000,buy,2,998800,1,3
VEV_4000,buy,3,22800,1,3
VEV_4000,buy,3,88200,1,3
VEV_4000,buy,3,123100,1,3
VEV_4000,buy,3,165300,1,3
VEV_4000,buy,3,175100,1,3
VEV_4000,buy,3,180300,1,3
VEV_4000,buy,3,268100,1,3
VEV_4000,buy,3,296500,1,3
VEV_4000,buy,3,332900,1,3
VEV_4000,buy,3,362400,1,3
VEV_4000,buy,3,389300,1,3
VEV_4000,buy,3,395400,1,3
VEV_4000,buy,3,396700,1,3
VEV_4000,buy,3,489900,1,3
VEV_4000,buy,3,579000,1,3
VEV_4000,buy,3,624700,1,3
VEV_4000,buy,3,686200,1,3
VEV_4000,buy,3,772800,1,3
VEV_4000,buy,3,792400,1,3
VEV_4000,buy,3,877200,1,3
VEV_4000,buy,3,887000,1,3
VEV_4000,buy,3,941800,1,3
VEV_4000,buy,3,963200,1,3
VEV_4000,buy,3,992600,1,3
VEV_4000,buy,3,993700,1,3
VEV_4000,sell,1,54400,1,3
VEV_4000,sell,1,78300,1,3
VEV_4000,sell,1,89300,1,3
VEV_4000,sell,1,133100,1,3
VEV_4000,sell,1,137000,1,3
VEV_4000,sell,1,137300,1,3
VEV_4000,sell,1,154100,1,3
VEV_4000,sell,1,222900,1,3
VEV_4000,sell,1,358300,1,3
VEV_4000,sell,1,374800,1,3
VEV_4000,sell,1,384500,1,3
VEV_4000,sell,1,390800,1,3
VEV_4000,sell,1,444000,1,3
VEV_4000,sell,1,448700,1,3
VEV_4000,sell,1,491100,1,3
VEV_4000,sell,1,503500,1,3
VEV_4000,sell,1,509100,1,3
VEV_4000,sell,1,556900,1,3
VEV_4000,sell,1,589100,1,3
VEV_4000,sell,1,647200,1,3
VEV_4000,sell,1,671200,1,3
VEV_4000,sell,1,680600,1,3
VEV_4000,sell,1,696000,1,3
VEV_4000,sell,1,721900,1,3
VEV_4000,sell,1,743600,1,3
VEV_4000,sell,1,747400,1,3
VEV_4000,sell,1,747700,1,3
VEV_4000,sell,1,753400,1,3
VEV_4000,sell,1,783300,1,3
VEV_4000,sell,1,789200,1,3
VEV_4000,sell,1,855500,1,3
VEV_4000,sell,1,870100,1,3
VEV_4000,sell,1,886300,1,3
VEV_4000,sell,1,925400,1,3
VEV_4000,sell,1,937700,1,3
VEV_4000,sell,2,1300,1,3
VEV_4000,sell,2,50200,1,3
VEV_4000,sell,2,103700,1,3
VEV_4000,sell,2,169200,1,3
VEV_4000,sell,2,277900,1,3
VEV_4000,sell,2,286900,1,3
VEV_4000,sell,2,328700,1,3
VEV_4000,sell,2,340500,1,3
VEV_4000,sell,2,438300,1,3
VEV_4000,sell,2,563200,1,3
VEV_4000,sell,2,571300,1,3
VEV_4000,sell,2,605100,1,3
VEV_4000,sell,2,610900,1,3
VEV_4000,sell,2,635100,1,3
VEV_4000,sell,2,648700,1,3
VEV_4000,sell,2,699800,1,3
VEV_4000,sell,2,711200,1,3
VEV_4000,sell,2,809100,1,3
VEV_4000,sell,2,819600,1,3
VEV_4000,sell,2,823600,1,3
VEV_4000,sell,2,880000,1,3
VEV_4000,sell,2,961700,1,3
VEV_4000,sell,2,965600,1,3
VEV_4000,sell,3,108800,1,3
VEV_4000,sell,3,182100,1,3
VEV_4000,sell,3,183100,1,3
VEV_4000,sell,3,233100,1,3
VEV_4000,sell,3,240700,1,3
VEV_4000,sell,3,263200,1,3
VEV_4000,sell,3,303900,1,3
VEV_4000,sell,3,319100,1,3
VEV_4000,sell,3,370100,1,3
VEV_4000,sell,3,373200,1,3
VEV_4000,sell,3,402000,1,3
VEV_4000,sell,3,534900,1,3
VEV_4000,sell,3,552700,1,3
VEV_4000,sell,3,572400,1,3
VEV_4000,sell,3,666300,1,3
VEV_4000,sell,3,667100,1,3
VEV_4000,sell,3,797100,1,3
VEV_4000,sell,3,845100,1,3
VEV_4000,sell,3,877500,1,3
VEV_4000,sell,3,917300,1,3
VEV_4000,sell,3,922400,1,3
VEV_4500,sell,3,370100,1,3
VEV_5000,sell,3,370100,1,3
VEV_5100,sell,3,370100,1,3
VEV_5200,sell,3,370100,1,3
VEV_5300,sell,3,370100,1,3
HYDROGEL_PACK,buy,1,61100,1,2
HYDROGEL_PACK,buy,1,61400,1,2
HYDROGEL_PACK,buy,1,81900,1,2
HYDROGEL_PACK,buy,1,98600,1,2
HYDROGEL_PACK,buy,1,113900,1,2
HYDROGEL_PACK,buy,1,120700,1,2
HYDROGEL_PACK,buy,1,138100,1,2
HYDROGEL_PACK,buy,1,238200,1,2
HYDROGEL_PACK,buy,1,262800,1,2
HYDROGEL_PACK,buy,1,274600,1,2
HYDROGEL_PACK,buy,1,275700,1,2
HYDROGEL_PACK,buy,1,280500,1,2
HYDROGEL_PACK,buy,1,282200,1,2
HYDROGEL_PACK,buy,1,301300,1,2
HYDROGEL_PACK,buy,1,343100,1,2
HYDROGEL_PACK,buy,1,412300,1,2
HYDROGEL_PACK,buy,1,414000,1,2
HYDROGEL_PACK,buy,1,440300,1,2
HYDROGEL_PACK,buy,1,462500,1,2
HYDROGEL_PACK,buy,1,519400,1,2
HYDROGEL_PACK,buy,1,520400,1,2
HYDROGEL_PACK,buy,1,533100,1,2
HYDROGEL_PACK,buy,1,538000,1,2
HYDROGEL_PACK,buy,1,596300,1,2
HYDROGEL_PACK,buy,1,648400,1,2
HYDROGEL_PACK,buy,1,741200,1,2
HYDROGEL_PACK,buy,1,742700,1,2
HYDROGEL_PACK,buy,1,760900,1,2
HYDROGEL_PACK,buy,1,790700,1,2
HYDROGEL_PACK,buy,1,803000,1,2
HYDROGEL_PACK,buy,1,809700,1,2
HYDROGEL_PACK,buy,1,810600,1,2
HYDROGEL_PACK,buy,1,820600,1,2
HYDROGEL_PACK,buy,1,854900,1,2
HYDROGEL_PACK,buy,1,860100,1,2
HYDROGEL_PACK,buy,1,887200,1,2
HYDROGEL_PACK,buy,1,901800,1,2
HYDROGEL_PACK,buy,1,950000,1,2
HYDROGEL_PACK,buy,1,960800,1,2
HYDROGEL_PACK,buy,1,966900,1,2
HYDROGEL_PACK,buy,2,15700,1,2
HYDROGEL_PACK,buy,2,70900,1,2
HYDROGEL_PACK,buy,2,85500,1,2
HYDROGEL_PACK,buy,2,91700,1,2
HYDROGEL_PACK,buy,2,104500,1,2
HYDROGEL_PACK,buy,2,126800,1,2
HYDROGEL_PACK,buy,2,169000,1,2
HYDROGEL_PACK,buy,2,254300,1,2
HYDROGEL_PACK,buy,2,258900,1,2
HYDROGEL_PACK,buy,2,311800,1,2
HYDROGEL_PACK,buy,2,316900,1,2
HYDROGEL_PACK,buy,2,328900,1,2
HYDROGEL_PACK,buy,2,342300,1,2
HYDROGEL_PACK,buy,2,346100,1,2
HYDROGEL_PACK,buy,2,366500,1,2
HYDROGEL_PACK,buy,2,391700,1,2
HYDROGEL_PACK,buy,2,413100,1,2
HYDROGEL_PACK,buy,2,445300,1,2
HYDROGEL_PACK,buy,2,540500,1,2
HYDROGEL_PACK,buy,2,540600,1,2
HYDROGEL_PACK,buy,2,553400,1,2
HYDROGEL_PACK,buy,2,581600,1,2
HYDROGEL_PACK,buy,2,588800,1,2
HYDROGEL_PACK,buy,2,674000,1,2
HYDROGEL_PACK,buy,2,675300,1,2
HYDROGEL_PACK,buy,2,696000,1,2
HYDROGEL_PACK,buy,2,697400,1,2
HYDROGEL_PACK,buy,2,861200,1,2
HYDROGEL_PACK,buy,2,866900,1,2
HYDROGEL_PACK,buy,2,870100,1,2
HYDROGEL_PACK,buy,2,894900,1,2
HYDROGEL_PACK,buy,2,976800,1,2
HYDROGEL_PACK,buy,2,978700,1,2
HYDROGEL_PACK,buy,2,982000,1,2
HYDROGEL_PACK,buy,2,983700,1,2
HYDROGEL_PACK,buy,3,19500,1,2
HYDROGEL_PACK,buy,3,128200,1,2
HYDROGEL_PACK,buy,3,130700,1,2
HYDROGEL_PACK,buy,3,174100,1,2
HYDROGEL_PACK,buy,3,222300,1,2
HYDROGEL_PACK,buy,3,268800,1,2
HYDROGEL_PACK,buy,3,281900,1,2
HYDROGEL_PACK,buy,3,314800,1,2
HYDROGEL_PACK,buy,3,321900,1,2
HYDROGEL_PACK,buy,3,329600,1,2
HYDROGEL_PACK,buy,3,349700,1,2
HYDROGEL_PACK,buy,3,397000,1,2
HYDROGEL_PACK,buy,3,436000,1,2
HYDROGEL_PACK,buy,3,442900,1,2
HYDROGEL_PACK,buy,3,446100,1,2
HYDROGEL_PACK,buy,3,454900,1,2
HYDROGEL_PACK,buy,3,651100,1,2
HYDROGEL_PACK,buy,3,653000,1,2
HYDROGEL_PACK,buy,3,680500,1,2
HYDROGEL_PACK,buy,3,720500,1,2
HYDROGEL_PACK,buy,3,728400,1,2
HYDROGEL_PACK,buy,3,742000,1,2
HYDROGEL_PACK,buy,3,797600,1,2
HYDROGEL_PACK,buy,3,801700,1,2
HYDROGEL_PACK,buy,3,816300,1,2
HYDROGEL_PACK,buy,3,918200,1,2
HYDROGEL_PACK,buy,3,922400,1,2
HYDROGEL_PACK,buy,3,927000,1,2
HYDROGEL_PACK,buy,3,931000,1,2
HYDROGEL_PACK,buy,3,980900,1,2
HYDROGEL_PACK,sell,1,30800,1,2
HYDROGEL_PACK,sell,1,45200,1,2
HYDROGEL_PACK,sell,1,65900,1,2
HYDROGEL_PACK,sell,1,69500,1,2
HYDROGEL_PACK,sell,1,92500,1,2
HYDROGEL_PACK,sell,1,97100,1,2
HYDROGEL_PACK,sell,1,109100,1,2
HYDROGEL_PACK,sell,1,112700,1,2
HYDROGEL_PACK,sell,1,241900,1,2
HYDROGEL_PACK,sell,1,255300,1,2
HYDROGEL_PACK,sell,1,304200,1,2
HYDROGEL_PACK,sell,1,360600,1,2
HYDROGEL_PACK,sell,1,371400,1,2
HYDROGEL_PACK,sell,1,375100,1,2
HYDROGEL_PACK,sell,1,427000,1,2
HYDROGEL_PACK,sell,1,441300,1,2
HYDROGEL_PACK,sell,1,443600,1,2
HYDROGEL_PACK,sell,1,537500,1,2
HYDROGEL_PACK,sell,1,550400,1,2
HYDROGEL_PACK,sell,1,563600,1,2
HYDROGEL_PACK,sell,1,590100,1,2
HYDROGEL_PACK,sell,1,601700,1,2
HYDROGEL_PACK,sell,1,621800,1,2
HYDROGEL_PACK,sell,1,625100,1,2
HYDROGEL_PACK,sell,1,634900,1,2
HYDROGEL_PACK,sell,1,647400,1,2
HYDROGEL_PACK,sell,1,652800,1,2
HYDROGEL_PACK,sell,1,680800,1,2
HYDROGEL_PACK,sell,1,684500,1,2
HYDROGEL_PACK,sell,1,732700,1,2
HYDROGEL_PACK,sell,1,749800,1,2
HYDROGEL_PACK,sell,1,833600,1,2
HYDROGEL_PACK,sell,1,912600,1,2
HYDROGEL_PACK,sell,1,928000,1,2
HYDROGEL_PACK,sell,1,977600,1,2
HYDROGEL_PACK,sell,1,979200,1,2
HYDROGEL_PACK,sell,2,97600,1,2
HYDROGEL_PACK,sell,2,145400,1,2
HYDROGEL_PACK,sell,2,239300,1,2
HYDROGEL_PACK,sell,2,264700,1,2
HYDROGEL_PACK,sell,2,278800,1,2
HYDROGEL_PACK,sell,2,303800,1,2
HYDROGEL_PACK,sell,2,340200,1,2
HYDROGEL_PACK,sell,2,365300,1,2
HYDROGEL_PACK,sell,2,391600,1,2
HYDROGEL_PACK,sell,2,422200,1,2
HYDROGEL_PACK,sell,2,436200,1,2
HYDROGEL_PACK,sell,2,480900,1,2
HYDROGEL_PACK,sell,2,481400,1,2
HYDROGEL_PACK,sell,2,488200,1,2
HYDROGEL_PACK,sell,2,503600,1,2
HYDROGEL_PACK,sell,2,535100,1,2
HYDROGEL_PACK,sell,2,568500,1,2
HYDROGEL_PACK,sell,2,608900,1,2
HYDROGEL_PACK,sell,2,640000,1,2
HYDROGEL_PACK,sell,2,663000,1,2
HYDROGEL_PACK,sell,2,698800,1,2
HYDROGEL_PACK,sell,2,759500,1,2
HYDROGEL_PACK,sell,2,856600,1,2
HYDROGEL_PACK,sell,2,869900,1,2
HYDROGEL_PACK,sell,2,913200,1,2
HYDROGEL_PACK,sell,2,940500,1,2
HYDROGEL_PACK,sell,2,941900,1,2
HYDROGEL_PACK,sell,2,976200,1,2
HYDROGEL_PACK,sell,2,996500,1,2
HYDROGEL_PACK,sell,3,18700,1,2
HYDROGEL_PACK,sell,3,23900,1,2
HYDROGEL_PACK,sell,3,35100,1,2
HYDROGEL_PACK,sell,3,64800,1,2
HYDROGEL_PACK,sell,3,119900,1,2
HYDROGEL_PACK,sell,3,123700,1,2
HYDROGEL_PACK,sell,3,177200,1,2
HYDROGEL_PACK,sell,3,240100,1,2
HYDROGEL_PACK,sell,3,259900,1,2
HYDROGEL_PACK,sell,3,319800,1,2
HYDROGEL_PACK,sell,3,323600,1,2
HYDROGEL_PACK,sell,3,346200,1,2
HYDROGEL_PACK,sell,3,389200,1,2
HYDROGEL_PACK,sell,3,390200,1,2
HYDROGEL_PACK,sell,3,391200,1,2
HYDROGEL_PACK,sell,3,419200,1,2
HYDROGEL_PACK,sell,3,451600,1,2
HYDROGEL_PACK,sell,3,476800,1,2
HYDROGEL_PACK,sell,3,499800,1,2
HYDROGEL_PACK,sell,3,503300,1,2
HYDROGEL_PACK,sell,3,551800,1,2
HYDROGEL_PACK,sell,3,578500,1,2
HYDROGEL_PACK,sell,3,618500,1,2
HYDROGEL_PACK,sell,3,630900,1,2
HYDROGEL_PACK,sell,3,692900,1,2
HYDROGEL_PACK,sell,3,698600,1,2
HYDROGEL_PACK,sell,3,741600,1,2
HYDROGEL_PACK,sell,3,789500,1,2
HYDROGEL_PACK,sell,3,812800,1,2
HYDROGEL_PACK,sell,3,836000,1,2
HYDROGEL_PACK,sell,3,847100,1,2
HYDROGEL_PACK,sell,3,972100,1,2
VEV_4000,buy,1,5300,1,2
VEV_4000,buy,1,53800,1,2
VEV_4000,buy,1,68000,1,2
VEV_4000,buy,1,168500,1,2
VEV_4000,buy,1,194200,1,2
VEV_4000,buy,1,223300,1,2
VEV_4000,buy,1,224100,1,2
VEV_4000,buy,1,268300,1,2
VEV_4000,buy,1,286600,1,2
VEV_4000,buy,1,340100,1,2
VEV_4000,buy,1,386800,1,2
VEV_4000,buy,1,480700,1,2
VEV_4000,buy,1,544500,1,2
VEV_4000,buy,1,568800,1,2
VEV_4000,buy,1,576700,1,2
VEV_4000,buy,1,608100,1,2
VEV_4000,buy,1,738100,1,2
VEV_4000,buy,1,756300,1,2
VEV_4000,buy,1,801000,1,2
VEV_4000,buy,1,848200,1,2
VEV_4000,buy,1,867800,1,2
VEV_4000,buy,1,888300,1,2
VEV_4000,buy,1,929100,1,2
VEV_4000,buy,1,953400,1,2
VEV_4000,buy,1,979700,1,2
VEV_4000,buy,2,114700,1,2
VEV_4000,buy,2,116800,1,2
VEV_4000,buy,2,155900,1,2
VEV_4000,buy,2,195200,1,2
VEV_4000,buy,2,231900,1,2
VEV_4000,buy,2,307600,1,2
VEV_4000,buy,2,322300,1,2
VEV_4000,buy,2,368200,1,2
VEV_4000,buy,2,372300,1,2
VEV_4000,buy,2,424400,1,2
VEV_4000,buy,2,488600,1,2
VEV_4000,buy,2,490600,1,2
VEV_4000,buy,2,536500,1,2
VEV_4000,buy,2,600300,1,2
VEV_4000,buy,2,607400,1,2
VEV_4000,buy,2,625900,1,2
VEV_4000,buy,2,676600,1,2
VEV_4000,buy,2,752300,1,2
VEV_4000,buy,2,757200,1,2
VEV_4000,buy,2,762200,1,2
VEV_4000,buy,2,774200,1,2
VEV_4000,buy,2,827300,1,2
VEV_4000,buy,2,833300,1,2
VEV_4000,buy,2,894800,1,2
VEV_4000,buy,2,914100,1,2
VEV_4000,buy,2,925100,1,2
VEV_4000,buy,3,8700,1,2
VEV_4000,buy,3,89600,1,2
VEV_4000,buy,3,140700,1,2
VEV_4000,buy,3,155400,1,2
VEV_4000,buy,3,229500,1,2
VEV_4000,buy,3,234700,1,2
VEV_4000,buy,3,334800,1,2
VEV_4000,buy,3,345900,1,2
VEV_4000,buy,3,397900,1,2
VEV_4000,buy,3,481700,1,2
VEV_4000,buy,3,492500,1,2
VEV_4000,buy,3,511000,1,2
VEV_4000,buy,3,534000,1,2
VEV_4000,buy,3,558600,1,2
VEV_4000,buy,3,566500,1,2
VEV_4000,buy,3,702400,1,2
VEV_4000,buy,3,743900,1,2
VEV_4000,buy,3,752300,1,2
VEV_4000,buy,3,811100,1,2
VEV_4000,buy,3,923900,1,2
VEV_4000,buy,3,973700,1,2
VEV_4000,sell,1,16700,1,2
VEV_4000,sell,1,50200,1,2
VEV_4000,sell,1,167600,1,2
VEV_4000,sell,1,250600,1,2
VEV_4000,sell,1,325300,1,2
VEV_4000,sell,1,356800,1,2
VEV_4000,sell,1,365000,1,2
VEV_4000,sell,1,376300,1,2
VEV_4000,sell,1,459900,1,2
VEV_4000,sell,1,480900,1,2
VEV_4000,sell,1,494700,1,2
VEV_4000,sell,1,496300,1,2
VEV_4000,sell,1,519100,1,2
VEV_4000,sell,1,521100,1,2
VEV_4000,sell,1,550900,1,2
VEV_4000,sell,1,600100,1,2
VEV_4000,sell,1,688900,1,2
VEV_4000,sell,1,719600,1,2
VEV_4000,sell,1,762700,1,2
VEV_4000,sell,1,764300,1,2
VEV_4000,sell,1,821300,1,2
VEV_4000,sell,1,849200,1,2
VEV_4000,sell,1,915200,1,2
VEV_4000,sell,1,997300,1,2
VEV_4000,sell,2,39500,1,2
VEV_4000,sell,2,111900,1,2
VEV_4000,sell,2,192700,1,2
VEV_4000,sell,2,196800,1,2
VEV_4000,sell,2,212100,1,2
VEV_4000,sell,2,249800,1,2
VEV_4000,sell,2,293600,1,2
VEV_4000,sell,2,301700,1,2
VEV_4000,sell,2,370700,1,2
VEV_4000,sell,2,397300,1,2
VEV_4000,sell,2,406300,1,2
VEV_4000,sell,2,449500,1,2
VEV_4000,sell,2,573500,1,2
VEV_4000,sell,2,624000,1,2
VEV_4000,sell,2,624200,1,2
VEV_4000,sell,2,727900,1,2
VEV_4000,sell,2,805600,1,2
VEV_4000,sell,2,808200,1,2
VEV_4000,sell,2,879100,1,2
VEV_4000,sell,2,884100,1,2
VEV_4000,sell,2,978200,1,2
VEV_4000,sell,2,982500,1,2
VEV_4000,sell,3,1700,1,2
VEV_4000,sell,3,60600,1,2
VEV_4000,sell,3,76100,1,2
VEV_4000,sell,3,106800,1,2
VEV_4000,sell,3,145500,1,2
VEV_4000,sell,3,148800,1,2
VEV_4000,sell,3,181200,1,2
VEV_4000,sell,3,434200,1,2
VEV_4000,sell,3,491500,1,2
VEV_4000,sell,3,496900,1,2
VEV_4000,sell,3,535600,1,2
VEV_4000,sell,3,577200,1,2
VEV_4000,sell,3,618400,1,2
VEV_4000,sell,3,641800,1,2
VEV_4000,sell,3,734000,1,2
VEV_4000,sell,3,734200,1,2
VEV_4000,sell,3,792900,1,2
VEV_4000,sell,3,804500,1,2
VEV_4000,sell,3,812600,1,2
VEV_4000,sell,3,861900,1,2
VEV_4000,sell,3,885900,1,2
VEV_4000,sell,3,941000,1,2
VEV_4000,sell,3,954100,1,2
VEV_4000,sell,3,972500,1,2
VEV_4500,buy,3,155400,1,2
VEV_5000,buy,3,155400,1,2
VEV_5100,buy,3,155400,1,2
VEV_5200,buy,3,155400,1,2
VEV_4000,buy,1,17900,1,1
VEV_4000,buy,1,62600,1,1
VEV_4000,buy,1,84300,1,1
VEV_4000,buy,1,168700,1,1
VEV_4000,buy,1,206600,1,1
VEV_4000,buy,1,216000,1,1
VEV_4000,buy,1,217800,1,1
VEV_4000,buy,1,229100,1,1
VEV_4000,buy,1,281500,1,1
VEV_4000,buy,1,288800,1,1
VEV_4000,buy,1,307100,1,1
VEV_4000,buy,1,326300,1,1
VEV_4000,buy,1,419700,1,1
VEV_4000,buy,1,425400,1,1
VEV_4000,buy,1,437100,1,1
VEV_4000,buy,1,455400,1,1
VEV_4000,buy,1,518800,1,1
VEV_4000,buy,1,550300,1,1
VEV_4000,buy,1,567700,1,1
VEV_4000,buy,1,901600,1,1
VEV_4000,buy,1,903400,1,1
VEV_4000,buy,1,962900,1,1
VEV_4000,buy,1,977200,1,1
VEV_4000,buy,2,9000,1,1
VEV_4000,buy,2,34100,1,1
VEV_4000,buy,2,80800,1,1
VEV_4000,buy,2,150400,1,1
VEV_4000,buy,2,190900,1,1
VEV_4000,buy,2,269700,1,1
VEV_4000,buy,2,270500,1,1
VEV_4000,buy,2,281100,1,1
VEV_4000,buy,2,318100,1,1
VEV_4000,buy,2,363300,1,1
VEV_4000,buy,2,428400,1,1
VEV_4000,buy,2,454700,1,1
VEV_4000,buy,2,521000,1,1
VEV_4000,buy,2,563700,1,1
VEV_4000,buy,2,590700,1,1
VEV_4000,buy,2,643300,1,1
VEV_4000,buy,2,692000,1,1
VEV_4000,buy,2,736100,1,1
VEV_4000,buy,2,746900,1,1
VEV_4000,buy,2,800000,1,1
VEV_4000,buy,2,875900,1,1
VEV_4000,buy,3,70200,1,1
VEV_4000,buy,3,104600,1,1
VEV_4000,buy,3,117800,1,1
VEV_4000,buy,3,125700,1,1
VEV_4000,buy,3,139400,1,1
VEV_4000,buy,3,191300,1,1
VEV_4000,buy,3,202500,1,1
VEV_4000,buy,3,203800,1,1
VEV_4000,buy,3,252700,1,1
VEV_4000,buy,3,339800,1,1
VEV_4000,buy,3,344400,1,1
VEV_4000,buy,3,392500,1,1
VEV_4000,buy,3,397300,1,1
VEV_4000,buy,3,420300,1,1
VEV_4000,buy,3,427800,1,1
VEV_4000,buy,3,452100,1,1
VEV_4000,buy,3,471200,1,1
VEV_4000,buy,3,491400,1,1
VEV_4000,buy,3,510600,1,1
VEV_4000,buy,3,708400,1,1
VEV_4000,buy,3,714400,1,1
VEV_4000,buy,3,732900,1,1
VEV_4000,buy,3,851100,1,1
VEV_4000,buy,3,852100,1,1
VEV_4000,buy,3,857500,1,1
VEV_4000,buy,3,942200,1,1
VEV_4000,sell,1,17300,1,1
VEV_4000,sell,1,70500,1,1
VEV_4000,sell,1,102500,1,1
VEV_4000,sell,1,102800,1,1
VEV_4000,sell,1,147900,1,1
VEV_4000,sell,1,156200,1,1
VEV_4000,sell,1,172400,1,1
VEV_4000,sell,1,196700,1,1
VEV_4000,sell,1,265900,1,1
VEV_4000,sell,1,271600,1,1
VEV_4000,sell,1,297500,1,1
VEV_4000,sell,1,328000,1,1
VEV_4000,sell,1,328400,1,1
VEV_4000,sell,1,331400,1,1
VEV_4000,sell,1,334900,1,1
VEV_4000,sell,1,384200,1,1
VEV_4000,sell,1,399900,1,1
VEV_4000,sell,1,464200,1,1
VEV_4000,sell,1,475500,1,1
VEV_4000,sell,1,517900,1,1
VEV_4000,sell,1,525500,1,1
VEV_4000,sell,1,569900,1,1
VEV_4000,sell,1,599600,1,1
VEV_4000,sell,1,601200,1,1
VEV_4000,sell,1,622800,1,1
VEV_4000,sell,1,675700,1,1
VEV_4000,sell,1,682600,1,1
VEV_4000,sell,1,775300,1,1
VEV_4000,sell,1,786900,1,1
VEV_4000,sell,1,804900,1,1
VEV_4000,sell,1,881400,1,1
VEV_4000,sell,1,968200,1,1
VEV_4000,sell,2,98600,1,1
VEV_4000,sell,2,103300,1,1
VEV_4000,sell,2,109100,1,1
VEV_4000,sell,2,140900,1,1
VEV_4000,sell,2,144400,1,1
VEV_4000,sell,2,145800,1,1
VEV_4000,sell,2,200400,1,1
VEV_4000,sell,2,201500,1,1
VEV_4000,sell,2,202300,1,1
VEV_4000,sell,2,266800,1,1
VEV_4000,sell,2,303100,1,1
VEV_4000,sell,2,390200,1,1
VEV_4000,sell,2,419300,1,1
VEV_4000,sell,2,543900,1,1
VEV_4000,sell,2,587500,1,1
VEV_4000,sell,2,690500,1,1
VEV_4000,sell,2,796800,1,1
VEV_4000,sell,2,850200,1,1
VEV_4000,sell,2,975900,1,1
VEV_4000,sell,3,43600,1,1
VEV_4000,sell,3,129800,1,1
VEV_4000,sell,3,167900,1,1
VEV_4000,sell,3,176700,1,1
VEV_4000,sell,3,191900,1,1
VEV_4000,sell,3,196600,1,1
VEV_4000,sell,3,241200,1,1
VEV_4000,sell,3,323600,1,1
VEV_4000,sell,3,358100,1,1
VEV_4000,sell,3,379400,1,1
VEV_4000,sell,3,399000,1,1
VEV_4000,sell,3,406900,1,1
VEV_4000,sell,3,410800,1,1
VEV_4000,sell,3,422800,1,1
VEV_4000,sell,3,428600,1,1
VEV_4000,sell,3,452800,1,1
VEV_4000,sell,3,465500,1,1
VEV_4000,sell,3,480000,1,1
VEV_4000,sell,3,547000,1,1
VEV_4000,sell,3,553500,1,1
VEV_4000,sell,3,568300,1,1
VEV_4000,sell,3,630700,1,1
VEV_4000,sell,3,699000,1,1
VEV_4000,sell,3,707000,1,1
VEV_4000,sell,3,780000,1,1
VEV_4000,sell,3,789300,1,1
VEV_4000,sell,3,816500,1,1
VEV_4000,sell,3,840800,1,1
VEV_4000,sell,3,916800,1,1
VEV_4000,sell,3,921600,1,1
VEV_4000,sell,3,925000,1,1
VEV_4000,sell,3,932400,1,1
VEV_4000,sell,3,943500,1,1
VEV_4500,buy,1,437100,1,1
VEV_5000,buy,1,437100,1,1
VEV_5100,buy,1,437100,1,1
VEV_5200,buy,1,437100,1,1
VEV_5300,buy,1,437100,1,1
