entry_edge,exit_edge,limit,day,product,pnl
10,5,3,2,GALAXY_SOUNDS_BLACK_HOLES,2336
10,5,3,2,GALAXY_SOUNDS_DARK_MATTER,825
10,5,3,2,GALAXY_SOUNDS_PLANETARY_RINGS,864
10,5,3,2,GALAXY_SOUNDS_SOLAR_FLAMES,2332
10,5,3,2,GALAXY_SOUNDS_SOLAR_WINDS,-922
10,5,3,2,MICROCHIP_CIRCLE,4265
10,5,3,2,MICROCHIP_OVAL,2220
10,5,3,2,MICROCHIP_RECTANGLE,1726
10,5,3,2,MICROCHIP_SQUARE,7354
10,5,3,2,MICROCHIP_TRIANGLE,-444
10,5,3,2,OXYGEN_SHAKE_CHOCOLATE,1710
10,5,3,2,OXYGEN_SHAKE_EVENING_BREATH,-1224
10,5,3,2,OXYGEN_SHAKE_GARLIC,6234
10,5,3,2,OXYGEN_SHAKE_MINT,2596
10,5,3,2,OXYGEN_SHAKE_MORNING_BREATH,-1450
10,5,3,2,PANEL_1X2,2074
10,5,3,2,PANEL_1X4,-4158
10,5,3,2,PANEL_2X2,-518
10,5,3,2,PANEL_2X4,2641
10,5,3,2,PANEL_4X4,-1490
10,5,3,2,PEBBLES_L,4119
10,5,3,2,PEBBLES_M,-2986
10,5,3,2,PEBBLES_S,3507
10,5,3,2,PEBBLES_XL,13604
10,5,3,2,PEBBLES_XS,5836
10,5,3,2,ROBOT_DISHES,-249
10,5,3,2,ROBOT_IRONING,639
10,5,3,2,ROBOT_LAUNDRY,553
10,5,3,2,ROBOT_MOPPING,616
10,5,3,2,ROBOT_VACUUMING,-1659
10,5,3,2,SLEEP_POD_COTTON,3843
10,5,3,2,SLEEP_POD_LAMB_WOOL,1226
10,5,3,2,SLEEP_POD_NYLON,1671
10,5,3,2,SLEEP_POD_POLYESTER,5284
10,5,3,2,SLEEP_POD_SUEDE,3285
10,5,3,2,SNACKPACK_CHOCOLATE,602
10,5,3,2,SNACKPACK_PISTACHIO,1518
10,5,3,2,SNACKPACK_RASPBERRY,2389
10,5,3,2,SNACKPACK_STRAWBERRY,1050
10,5,3,2,SNACKPACK_VANILLA,92
10,5,3,2,TRANSLATOR_ASTRO_BLACK,-150
10,5,3,2,TRANSLATOR_ECLIPSE_CHARCOAL,-2072
10,5,3,2,TRANSLATOR_GRAPHITE_MIST,-226
10,5,3,2,TRANSLATOR_SPACE_GRAY,3147
10,5,3,2,TRANSLATOR_VOID_BLUE,3420
10,5,3,2,UV_VISOR_AMBER,4480
10,5,3,2,UV_VISOR_MAGENTA,4546
10,5,3,2,UV_VISOR_ORANGE,-328
10,5,3,2,UV_VISOR_RED,2286
10,5,3,2,UV_VISOR_YELLOW,1142
10,5,3,3,GALAXY_SOUNDS_BLACK_HOLES,5427
10,5,3,3,GALAXY_SOUNDS_DARK_MATTER,-1395
10,5,3,3,GALAXY_SOUNDS_PLANETARY_RINGS,-496
10,5,3,3,GALAXY_SOUNDS_SOLAR_FLAMES,1072
10,5,3,3,GALAXY_SOUNDS_SOLAR_WINDS,2817
10,5,3,3,MICROCHIP_CIRCLE,1696
10,5,3,3,MICROCHIP_OVAL,3762
10,5,3,3,MICROCHIP_RECTANGLE,186
10,5,3,3,MICROCHIP_SQUARE,-7766
10,5,3,3,MICROCHIP_TRIANGLE,6146
10,5,3,3,OXYGEN_SHAKE_CHOCOLATE,957
10,5,3,3,OXYGEN_SHAKE_EVENING_BREATH,2244
10,5,3,3,OXYGEN_SHAKE_GARLIC,2612
10,5,3,3,OXYGEN_SHAKE_MINT,-96
10,5,3,3,OXYGEN_SHAKE_MORNING_BREATH,203
10,5,3,3,PANEL_1X2,1300
10,5,3,3,PANEL_1X4,2391
10,5,3,3,PANEL_2X2,669
10,5,3,3,PANEL_2X4,1728
10,5,3,3,PANEL_4X4,-1460
10,5,3,3,PEBBLES_L,147
10,5,3,3,PEBBLES_M,-738
10,5,3,3,PEBBLES_S,4362
10,5,3,3,PEBBLES_XL,-478
10,5,3,3,PEBBLES_XS,-2540
10,5,3,3,ROBOT_DISHES,4042
10,5,3,3,ROBOT_IRONING,-1302
10,5,3,3,ROBOT_LAUNDRY,3482
10,5,3,3,ROBOT_MOPPING,-1344
10,5,3,3,ROBOT_VACUUMING,2292
10,5,3,3,SLEEP_POD_COTTON,1720
10,5,3,3,SLEEP_POD_LAMB_WOOL,782
10,5,3,3,SLEEP_POD_NYLON,3404
10,5,3,3,SLEEP_POD_POLYESTER,-2442
10,5,3,3,SLEEP_POD_SUEDE,-2067
10,5,3,3,SNACKPACK_CHOCOLATE,340
10,5,3,3,SNACKPACK_PISTACHIO,-96
10,5,3,3,SNACKPACK_RASPBERRY,688
10,5,3,3,SNACKPACK_STRAWBERRY,-711
10,5,3,3,SNACKPACK_VANILLA,-70
10,5,3,3,TRANSLATOR_ASTRO_BLACK,-573
10,5,3,3,TRANSLATOR_ECLIPSE_CHARCOAL,2380
10,5,3,3,TRANSLATOR_GRAPHITE_MIST,-486
10,5,3,3,TRANSLATOR_SPACE_GRAY,-515
10,5,3,3,TRANSLATOR_VOID_BLUE,-1048
10,5,3,3,UV_VISOR_AMBER,-3345
10,5,3,3,UV_VISOR_MAGENTA,2072
10,5,3,3,UV_VISOR_ORANGE,-1376
10,5,3,3,UV_VISOR_RED,3027
10,5,3,3,UV_VISOR_YELLOW,158
10,5,3,4,GALAXY_SOUNDS_BLACK_HOLES,-3986
10,5,3,4,GALAXY_SOUNDS_DARK_MATTER,4840
10,5,3,4,GALAXY_SOUNDS_PLANETARY_RINGS,-2170
10,5,3,4,GALAXY_SOUNDS_SOLAR_FLAMES,4338
10,5,3,4,GALAXY_SOUNDS_SOLAR_WINDS,2400
10,5,3,4,MICROCHIP_CIRCLE,-2156
10,5,3,4,MICROCHIP_OVAL,-5703
10,5,3,4,MICROCHIP_RECTANGLE,5027
10,5,3,4,MICROCHIP_SQUARE,5877
10,5,3,4,MICROCHIP_TRIANGLE,-3248
10,5,3,4,OXYGEN_SHAKE_CHOCOLATE,-2373
10,5,3,4,OXYGEN_SHAKE_EVENING_BREATH,-42
10,5,3,4,OXYGEN_SHAKE_GARLIC,-5898
10,5,3,4,OXYGEN_SHAKE_MINT,-960
10,5,3,4,OXYGEN_SHAKE_MORNING_BREATH,38
10,5,3,4,PANEL_1X2,-3195
10,5,3,4,PANEL_1X4,1480
10,5,3,4,PANEL_2X2,576
10,5,3,4,PANEL_2X4,-2530
10,5,3,4,PANEL_4X4,-2826
10,5,3,4,PEBBLES_L,-210
10,5,3,4,PEBBLES_M,1071
10,5,3,4,PEBBLES_S,-2828
10,5,3,4,PEBBLES_XL,-11589
10,5,3,4,PEBBLES_XS,-2484
10,5,3,4,ROBOT_DISHES,-3243
10,5,3,4,ROBOT_IRONING,981
10,5,3,4,ROBOT_LAUNDRY,-668
10,5,3,4,ROBOT_MOPPING,3034
10,5,3,4,ROBOT_VACUUMING,-936
10,5,3,4,SLEEP_POD_COTTON,2260
10,5,3,4,SLEEP_POD_LAMB_WOOL,3920
10,5,3,4,SLEEP_POD_NYLON,-3074
10,5,3,4,SLEEP_POD_POLYESTER,1442
10,5,3,4,SLEEP_POD_SUEDE,1114
10,5,3,4,SNACKPACK_CHOCOLATE,-300
10,5,3,4,SNACKPACK_PISTACHIO,-82
10,5,3,4,SNACKPACK_RASPBERRY,788
10,5,3,4,SNACKPACK_STRAWBERRY,-320
10,5,3,4,SNACKPACK_VANILLA,-321
10,5,3,4,TRANSLATOR_ASTRO_BLACK,864
10,5,3,4,TRANSLATOR_ECLIPSE_CHARCOAL,4328
10,5,3,4,TRANSLATOR_GRAPHITE_MIST,4892
10,5,3,4,TRANSLATOR_SPACE_GRAY,-3498
10,5,3,4,TRANSLATOR_VOID_BLUE,-918
10,5,3,4,UV_VISOR_AMBER,-780
10,5,3,4,UV_VISOR_MAGENTA,1034
10,5,3,4,UV_VISOR_ORANGE,-1560
10,5,3,4,UV_VISOR_RED,-2116
10,5,3,4,UV_VISOR_YELLOW,271
20,5,3,2,GALAXY_SOUNDS_BLACK_HOLES,2404
20,5,3,2,GALAXY_SOUNDS_DARK_MATTER,1212
20,5,3,2,GALAXY_SOUNDS_PLANETARY_RINGS,900
20,5,3,2,GALAXY_SOUNDS_SOLAR_FLAMES,3314
20,5,3,2,GALAXY_SOUNDS_SOLAR_WINDS,-754
20,5,3,2,MICROCHIP_CIRCLE,4847
20,5,3,2,MICROCHIP_OVAL,2220
20,5,3,2,MICROCHIP_RECTANGLE,1726
20,5,3,2,MICROCHIP_SQUARE,7354
20,5,3,2,MICROCHIP_TRIANGLE,-369
20,5,3,2,OXYGEN_SHAKE_CHOCOLATE,2034
20,5,3,2,OXYGEN_SHAKE_EVENING_BREATH,-1194
20,5,3,2,OXYGEN_SHAKE_GARLIC,6532
20,5,3,2,OXYGEN_SHAKE_MINT,3812
20,5,3,2,OXYGEN_SHAKE_MORNING_BREATH,-1078
20,5,3,2,PANEL_1X2,2704
20,5,3,2,PANEL_1X4,-3994
20,5,3,2,PANEL_2X2,-202
20,5,3,2,PANEL_2X4,2959
20,5,3,2,PANEL_4X4,-887
20,5,3,2,PEBBLES_L,4458
20,5,3,2,PEBBLES_M,-2318
20,5,3,2,PEBBLES_S,3783
20,5,3,2,PEBBLES_XL,15080
20,5,3,2,PEBBLES_XS,5836
20,5,3,2,ROBOT_DISHES,-186
20,5,3,2,ROBOT_IRONING,633
20,5,3,2,ROBOT_LAUNDRY,486
20,5,3,2,ROBOT_MOPPING,1000
20,5,3,2,ROBOT_VACUUMING,-1470
20,5,3,2,SLEEP_POD_COTTON,3885
20,5,3,2,SLEEP_POD_LAMB_WOOL,1564
20,5,3,2,SLEEP_POD_NYLON,1956
20,5,3,2,SLEEP_POD_POLYESTER,5284
20,5,3,2,SLEEP_POD_SUEDE,3285
20,5,3,2,SNACKPACK_CHOCOLATE,1142
20,5,3,2,SNACKPACK_PISTACHIO,1764
20,5,3,2,SNACKPACK_RASPBERRY,3672
20,5,3,2,SNACKPACK_STRAWBERRY,1536
20,5,3,2,SNACKPACK_VANILLA,920
20,5,3,2,TRANSLATOR_ASTRO_BLACK,-45
20,5,3,2,TRANSLATOR_ECLIPSE_CHARCOAL,-1990
20,5,3,2,TRANSLATOR_GRAPHITE_MIST,-322
20,5,3,2,TRANSLATOR_SPACE_GRAY,3531
20,5,3,2,TRANSLATOR_VOID_BLUE,3441
20,5,3,2,UV_VISOR_AMBER,4480
20,5,3,2,UV_VISOR_MAGENTA,5086
20,5,3,2,UV_VISOR_ORANGE,-116
20,5,3,2,UV_VISOR_RED,2982
20,5,3,2,UV_VISOR_YELLOW,1222
20,5,3,3,GALAXY_SOUNDS_BLACK_HOLES,6030
20,5,3,3,GALAXY_SOUNDS_DARK_MATTER,-645
20,5,3,3,GALAXY_SOUNDS_PLANETARY_RINGS,-496
20,5,3,3,GALAXY_SOUNDS_SOLAR_FLAMES,1578
20,5,3,3,GALAXY_SOUNDS_SOLAR_WINDS,3834
20,5,3,3,MICROCHIP_CIRCLE,2135
20,5,3,3,MICROCHIP_OVAL,3992
20,5,3,3,MICROCHIP_RECTANGLE,543
20,5,3,3,MICROCHIP_SQUARE,-7532
20,5,3,3,MICROCHIP_TRIANGLE,6360
20,5,3,3,OXYGEN_SHAKE_CHOCOLATE,1167
20,5,3,3,OXYGEN_SHAKE_EVENING_BREATH,2172
20,5,3,3,OXYGEN_SHAKE_GARLIC,3040
20,5,3,3,OXYGEN_SHAKE_MINT,-162
20,5,3,3,OXYGEN_SHAKE_MORNING_BREATH,474
20,5,3,3,PANEL_1X2,1334
20,5,3,3,PANEL_1X4,2391
20,5,3,3,PANEL_2X2,918
20,5,3,3,PANEL_2X4,2190
20,5,3,3,PANEL_4X4,-1420
20,5,3,3,PEBBLES_L,657
20,5,3,3,PEBBLES_M,-669
20,5,3,3,PEBBLES_S,4887
20,5,3,3,PEBBLES_XL,64
20,5,3,3,PEBBLES_XS,-2282
20,5,3,3,ROBOT_DISHES,4592
20,5,3,3,ROBOT_IRONING,-1601
20,5,3,3,ROBOT_LAUNDRY,3352
20,5,3,3,ROBOT_MOPPING,-1386
20,5,3,3,ROBOT_VACUUMING,2562
20,5,3,3,SLEEP_POD_COTTON,2445
20,5,3,3,SLEEP_POD_LAMB_WOOL,892
20,5,3,3,SLEEP_POD_NYLON,3286
20,5,3,3,SLEEP_POD_POLYESTER,-1774
20,5,3,3,SLEEP_POD_SUEDE,-2196
20,5,3,3,SNACKPACK_CHOCOLATE,1262
20,5,3,3,SNACKPACK_PISTACHIO,457
20,5,3,3,SNACKPACK_RASPBERRY,1682
20,5,3,3,SNACKPACK_STRAWBERRY,-279
20,5,3,3,SNACKPACK_VANILLA,1166
20,5,3,3,TRANSLATOR_ASTRO_BLACK,-666
20,5,3,3,TRANSLATOR_ECLIPSE_CHARCOAL,2512
20,5,3,3,TRANSLATOR_GRAPHITE_MIST,-45
20,5,3,3,TRANSLATOR_SPACE_GRAY,-363
20,5,3,3,TRANSLATOR_VOID_BLUE,-976
20,5,3,3,UV_VISOR_AMBER,-3345
20,5,3,3,UV_VISOR_MAGENTA,2802
20,5,3,3,UV_VISOR_ORANGE,-1186
20,5,3,3,UV_VISOR_RED,3057
20,5,3,3,UV_VISOR_YELLOW,810
20,5,3,4,GALAXY_SOUNDS_BLACK_HOLES,-3986
20,5,3,4,GALAXY_SOUNDS_DARK_MATTER,5776
20,5,3,4,GALAXY_SOUNDS_PLANETARY_RINGS,-1772
20,5,3,4,GALAXY_SOUNDS_SOLAR_FLAMES,4783
20,5,3,4,GALAXY_SOUNDS_SOLAR_WINDS,2936
20,5,3,4,MICROCHIP_CIRCLE,-2062
20,5,3,4,MICROCHIP_OVAL,-5703
20,5,3,4,MICROCHIP_RECTANGLE,5255
20,5,3,4,MICROCHIP_SQUARE,6244
20,5,3,4,MICROCHIP_TRIANGLE,-3248
20,5,3,4,OXYGEN_SHAKE_CHOCOLATE,-2256
20,5,3,4,OXYGEN_SHAKE_EVENING_BREATH,588
20,5,3,4,OXYGEN_SHAKE_GARLIC,-5898
20,5,3,4,OXYGEN_SHAKE_MINT,-765
20,5,3,4,OXYGEN_SHAKE_MORNING_BREATH,38
20,5,3,4,PANEL_1X2,-3195
20,5,3,4,PANEL_1X4,1480
20,5,3,4,PANEL_2X2,576
20,5,3,4,PANEL_2X4,-2698
20,5,3,4,PANEL_4X4,-2480
20,5,3,4,PEBBLES_L,-81
20,5,3,4,PEBBLES_M,1071
20,5,3,4,PEBBLES_S,-2828
20,5,3,4,PEBBLES_XL,-11250
20,5,3,4,PEBBLES_XS,-2484
20,5,3,4,ROBOT_DISHES,-3243
20,5,3,4,ROBOT_IRONING,981
20,5,3,4,ROBOT_LAUNDRY,-668
20,5,3,4,ROBOT_MOPPING,3224
20,5,3,4,ROBOT_VACUUMING,-936
20,5,3,4,SLEEP_POD_COTTON,2253
20,5,3,4,SLEEP_POD_LAMB_WOOL,4758
20,5,3,4,SLEEP_POD_NYLON,-3074
20,5,3,4,SLEEP_POD_POLYESTER,1526
20,5,3,4,SLEEP_POD_SUEDE,1186
20,5,3,4,SNACKPACK_CHOCOLATE,99
20,5,3,4,SNACKPACK_PISTACHIO,108
20,5,3,4,SNACKPACK_RASPBERRY,2156
20,5,3,4,SNACKPACK_STRAWBERRY,-320
20,5,3,4,SNACKPACK_VANILLA,270
20,5,3,4,TRANSLATOR_ASTRO_BLACK,912
20,5,3,4,TRANSLATOR_ECLIPSE_CHARCOAL,4658
20,5,3,4,TRANSLATOR_GRAPHITE_MIST,5548
20,5,3,4,TRANSLATOR_SPACE_GRAY,-3417
20,5,3,4,TRANSLATOR_VOID_BLUE,-735
20,5,3,4,UV_VISOR_AMBER,-780
20,5,3,4,UV_VISOR_MAGENTA,1478
20,5,3,4,UV_VISOR_ORANGE,-1406
20,5,3,4,UV_VISOR_RED,-2116
20,5,3,4,UV_VISOR_YELLOW,498
40,5,3,2,GALAXY_SOUNDS_BLACK_HOLES,2626
40,5,3,2,GALAXY_SOUNDS_DARK_MATTER,1703
40,5,3,2,GALAXY_SOUNDS_PLANETARY_RINGS,996
40,5,3,2,GALAXY_SOUNDS_SOLAR_FLAMES,4084
40,5,3,2,GALAXY_SOUNDS_SOLAR_WINDS,-284
40,5,3,2,MICROCHIP_CIRCLE,5327
40,5,3,2,MICROCHIP_OVAL,2220
40,5,3,2,MICROCHIP_RECTANGLE,1726
40,5,3,2,MICROCHIP_SQUARE,7354
40,5,3,2,MICROCHIP_TRIANGLE,-621
40,5,3,2,OXYGEN_SHAKE_CHOCOLATE,2118
40,5,3,2,OXYGEN_SHAKE_EVENING_BREATH,-1104
40,5,3,2,OXYGEN_SHAKE_GARLIC,6968
40,5,3,2,OXYGEN_SHAKE_MINT,4880
40,5,3,2,OXYGEN_SHAKE_MORNING_BREATH,-392
40,5,3,2,PANEL_1X2,2810
40,5,3,2,PANEL_1X4,-3713
40,5,3,2,PANEL_2X2,356
40,5,3,2,PANEL_2X4,3279
40,5,3,2,PANEL_4X4,-1187
40,5,3,2,PEBBLES_L,4545
40,5,3,2,PEBBLES_M,-1936
40,5,3,2,PEBBLES_S,3483
40,5,3,2,PEBBLES_XL,16826
40,5,3,2,PEBBLES_XS,5836
40,5,3,2,ROBOT_DISHES,-159
40,5,3,2,ROBOT_IRONING,360
40,5,3,2,ROBOT_LAUNDRY,615
40,5,3,2,ROBOT_MOPPING,980
40,5,3,2,ROBOT_VACUUMING,-1341
40,5,3,2,SLEEP_POD_COTTON,3927
40,5,3,2,SLEEP_POD_LAMB_WOOL,1472
40,5,3,2,SLEEP_POD_NYLON,2121
40,5,3,2,SLEEP_POD_POLYESTER,5284
40,5,3,2,SLEEP_POD_SUEDE,3285
40,5,3,2,SNACKPACK_CHOCOLATE,1640
40,5,3,2,SNACKPACK_PISTACHIO,2031
40,5,3,2,SNACKPACK_RASPBERRY,3848
40,5,3,2,SNACKPACK_STRAWBERRY,2139
40,5,3,2,SNACKPACK_VANILLA,1558
40,5,3,2,TRANSLATOR_ASTRO_BLACK,-159
40,5,3,2,TRANSLATOR_ECLIPSE_CHARCOAL,-1864
40,5,3,2,TRANSLATOR_GRAPHITE_MIST,-364
40,5,3,2,TRANSLATOR_SPACE_GRAY,3801
40,5,3,2,TRANSLATOR_VOID_BLUE,3498
40,5,3,2,UV_VISOR_AMBER,4480
40,5,3,2,UV_VISOR_MAGENTA,5356
40,5,3,2,UV_VISOR_ORANGE,676
40,5,3,2,UV_VISOR_RED,3417
40,5,3,2,UV_VISOR_YELLOW,1114
40,5,3,3,GALAXY_SOUNDS_BLACK_HOLES,6669
40,5,3,3,GALAXY_SOUNDS_DARK_MATTER,354
40,5,3,3,GALAXY_SOUNDS_PLANETARY_RINGS,-496
40,5,3,3,GALAXY_SOUNDS_SOLAR_FLAMES,1557
40,5,3,3,GALAXY_SOUNDS_SOLAR_WINDS,4365
40,5,3,3,MICROCHIP_CIRCLE,2340
40,5,3,3,MICROCHIP_OVAL,4240
40,5,3,3,MICROCHIP_RECTANGLE,1029
40,5,3,3,MICROCHIP_SQUARE,-7563
40,5,3,3,MICROCHIP_TRIANGLE,5919
40,5,3,3,OXYGEN_SHAKE_CHOCOLATE,1584
40,5,3,3,OXYGEN_SHAKE_EVENING_BREATH,2628
40,5,3,3,OXYGEN_SHAKE_GARLIC,3380
40,5,3,3,OXYGEN_SHAKE_MINT,48
40,5,3,3,OXYGEN_SHAKE_MORNING_BREATH,702
40,5,3,3,PANEL_1X2,1384
40,5,3,3,PANEL_1X4,2436
40,5,3,3,PANEL_2X2,828
40,5,3,3,PANEL_2X4,2334
40,5,3,3,PANEL_4X4,-1222
40,5,3,3,PEBBLES_L,492
40,5,3,3,PEBBLES_M,-171
40,5,3,3,PEBBLES_S,5358
40,5,3,3,PEBBLES_XL,1562
40,5,3,3,PEBBLES_XS,-1778
40,5,3,3,ROBOT_DISHES,4946
40,5,3,3,ROBOT_IRONING,-1272
40,5,3,3,ROBOT_LAUNDRY,3434
40,5,3,3,ROBOT_MOPPING,-1227
40,5,3,3,ROBOT_VACUUMING,2748
40,5,3,3,SLEEP_POD_COTTON,2859
40,5,3,3,SLEEP_POD_LAMB_WOOL,1696
40,5,3,3,SLEEP_POD_NYLON,3670
40,5,3,3,SLEEP_POD_POLYESTER,-1454
40,5,3,3,SLEEP_POD_SUEDE,-2034
40,5,3,3,SNACKPACK_CHOCOLATE,2481
40,5,3,3,SNACKPACK_PISTACHIO,1116
40,5,3,3,SNACKPACK_RASPBERRY,2432
40,5,3,3,SNACKPACK_STRAWBERRY,345
40,5,3,3,SNACKPACK_VANILLA,2122
40,5,3,3,TRANSLATOR_ASTRO_BLACK,-624
40,5,3,3,TRANSLATOR_ECLIPSE_CHARCOAL,2866
40,5,3,3,TRANSLATOR_GRAPHITE_MIST,306
40,5,3,3,TRANSLATOR_SPACE_GRAY,-321
40,5,3,3,TRANSLATOR_VOID_BLUE,-728
40,5,3,3,UV_VISOR_AMBER,-3345
40,5,3,3,UV_VISOR_MAGENTA,3040
40,5,3,3,UV_VISOR_ORANGE,-1276
40,5,3,3,UV_VISOR_RED,3729
40,5,3,3,UV_VISOR_YELLOW,968
40,5,3,4,GALAXY_SOUNDS_BLACK_HOLES,-3986
40,5,3,4,GALAXY_SOUNDS_DARK_MATTER,5274
40,5,3,4,GALAXY_SOUNDS_PLANETARY_RINGS,-1366
40,5,3,4,GALAXY_SOUNDS_SOLAR_FLAMES,5796
40,5,3,4,GALAXY_SOUNDS_SOLAR_WINDS,3280
40,5,3,4,MICROCHIP_CIRCLE,-2210
40,5,3,4,MICROCHIP_OVAL,-5703
40,5,3,4,MICROCHIP_RECTANGLE,5278
40,5,3,4,MICROCHIP_SQUARE,6944
40,5,3,4,MICROCHIP_TRIANGLE,-3248
40,5,3,4,OXYGEN_SHAKE_CHOCOLATE,-1906
40,5,3,4,OXYGEN_SHAKE_EVENING_BREATH,1416
40,5,3,4,OXYGEN_SHAKE_GARLIC,-5898
40,5,3,4,OXYGEN_SHAKE_MINT,-606
40,5,3,4,OXYGEN_SHAKE_MORNING_BREATH,38
40,5,3,4,PANEL_1X2,-3195
40,5,3,4,PANEL_1X4,1480
40,5,3,4,PANEL_2X2,576
40,5,3,4,PANEL_2X4,-2698
40,5,3,4,PANEL_4X4,-2210
40,5,3,4,PEBBLES_L,291
40,5,3,4,PEBBLES_M,1071
40,5,3,4,PEBBLES_S,-2828
40,5,3,4,PEBBLES_XL,-11544
40,5,3,4,PEBBLES_XS,-2484
40,5,3,4,ROBOT_DISHES,-3243
40,5,3,4,ROBOT_IRONING,981
40,5,3,4,ROBOT_LAUNDRY,-668
40,5,3,4,ROBOT_MOPPING,3370
40,5,3,4,ROBOT_VACUUMING,-936
40,5,3,4,SLEEP_POD_COTTON,2592
40,5,3,4,SLEEP_POD_LAMB_WOOL,5904
40,5,3,4,SLEEP_POD_NYLON,-3074
40,5,3,4,SLEEP_POD_POLYESTER,1384
40,5,3,4,SLEEP_POD_SUEDE,1376
40,5,3,4,SNACKPACK_CHOCOLATE,591
40,5,3,4,SNACKPACK_PISTACHIO,156
40,5,3,4,SNACKPACK_RASPBERRY,2534
40,5,3,4,SNACKPACK_STRAWBERRY,-320
40,5,3,4,SNACKPACK_VANILLA,555
40,5,3,4,TRANSLATOR_ASTRO_BLACK,1454
40,5,3,4,TRANSLATOR_ECLIPSE_CHARCOAL,5210
40,5,3,4,TRANSLATOR_GRAPHITE_MIST,6446
40,5,3,4,TRANSLATOR_SPACE_GRAY,-3375
40,5,3,4,TRANSLATOR_VOID_BLUE,-153
40,5,3,4,UV_VISOR_AMBER,-780
40,5,3,4,UV_VISOR_MAGENTA,1700
40,5,3,4,UV_VISOR_ORANGE,-1334
40,5,3,4,UV_VISOR_RED,-2116
40,5,3,4,UV_VISOR_YELLOW,858
80,5,3,2,GALAXY_SOUNDS_BLACK_HOLES,3004
80,5,3,2,GALAXY_SOUNDS_DARK_MATTER,1842
80,5,3,2,GALAXY_SOUNDS_PLANETARY_RINGS,1080
80,5,3,2,GALAXY_SOUNDS_SOLAR_FLAMES,3970
80,5,3,2,GALAXY_SOUNDS_SOLAR_WINDS,290
80,5,3,2,MICROCHIP_CIRCLE,4971
80,5,3,2,MICROCHIP_OVAL,2220
80,5,3,2,MICROCHIP_RECTANGLE,1726
80,5,3,2,MICROCHIP_SQUARE,7354
80,5,3,2,MICROCHIP_TRIANGLE,-360
80,5,3,2,OXYGEN_SHAKE_CHOCOLATE,1770
80,5,3,2,OXYGEN_SHAKE_EVENING_BREATH,-1014
80,5,3,2,OXYGEN_SHAKE_GARLIC,7410
80,5,3,2,OXYGEN_SHAKE_MINT,5866
80,5,3,2,OXYGEN_SHAKE_MORNING_BREATH,-194
80,5,3,2,PANEL_1X2,3250
80,5,3,2,PANEL_1X4,-3219
80,5,3,2,PANEL_2X2,664
80,5,3,2,PANEL_2X4,3168
80,5,3,2,PANEL_4X4,-581
80,5,3,2,PEBBLES_L,5252
80,5,3,2,PEBBLES_M,-1306
80,5,3,2,PEBBLES_S,3855
80,5,3,2,PEBBLES_XL,17032
80,5,3,2,PEBBLES_XS,5836
80,5,3,2,ROBOT_DISHES,-27
80,5,3,2,ROBOT_IRONING,516
80,5,3,2,ROBOT_LAUNDRY,390
80,5,3,2,ROBOT_MOPPING,1402
80,5,3,2,ROBOT_VACUUMING,-1260
80,5,3,2,SLEEP_POD_COTTON,3846
80,5,3,2,SLEEP_POD_LAMB_WOOL,2144
80,5,3,2,SLEEP_POD_NYLON,2496
80,5,3,2,SLEEP_POD_POLYESTER,5284
80,5,3,2,SLEEP_POD_SUEDE,3285
80,5,3,2,SNACKPACK_CHOCOLATE,2126
80,5,3,2,SNACKPACK_PISTACHIO,2517
80,5,3,2,SNACKPACK_RASPBERRY,3642
80,5,3,2,SNACKPACK_STRAWBERRY,1875
80,5,3,2,SNACKPACK_VANILLA,2576
80,5,3,2,TRANSLATOR_ASTRO_BLACK,-246
80,5,3,2,TRANSLATOR_ECLIPSE_CHARCOAL,-1426
80,5,3,2,TRANSLATOR_GRAPHITE_MIST,70
80,5,3,2,TRANSLATOR_SPACE_GRAY,5046
80,5,3,2,TRANSLATOR_VOID_BLUE,3744
80,5,3,2,UV_VISOR_AMBER,4480
80,5,3,2,UV_VISOR_MAGENTA,5390
80,5,3,2,UV_VISOR_ORANGE,1178
80,5,3,2,UV_VISOR_RED,3705
80,5,3,2,UV_VISOR_YELLOW,1006
80,5,3,3,GALAXY_SOUNDS_BLACK_HOLES,8241
80,5,3,3,GALAXY_SOUNDS_DARK_MATTER,-570
80,5,3,3,GALAXY_SOUNDS_PLANETARY_RINGS,-496
80,5,3,3,GALAXY_SOUNDS_SOLAR_FLAMES,1917
80,5,3,3,GALAXY_SOUNDS_SOLAR_WINDS,4137
80,5,3,3,MICROCHIP_CIRCLE,2885
80,5,3,3,MICROCHIP_OVAL,4630
80,5,3,3,MICROCHIP_RECTANGLE,1352
80,5,3,3,MICROCHIP_SQUARE,-7863
80,5,3,3,MICROCHIP_TRIANGLE,6783
80,5,3,3,OXYGEN_SHAKE_CHOCOLATE,2367
80,5,3,3,OXYGEN_SHAKE_EVENING_BREATH,2844
80,5,3,3,OXYGEN_SHAKE_GARLIC,2834
80,5,3,3,OXYGEN_SHAKE_MINT,213
80,5,3,3,OXYGEN_SHAKE_MORNING_BREATH,867
80,5,3,3,PANEL_1X2,1492
80,5,3,3,PANEL_1X4,2604
80,5,3,3,PANEL_2X2,1140
80,5,3,3,PANEL_2X4,3525
80,5,3,3,PANEL_4X4,-1148
80,5,3,3,PEBBLES_L,1857
80,5,3,3,PEBBLES_M,240
80,5,3,3,PEBBLES_S,5661
80,5,3,3,PEBBLES_XL,3694
80,5,3,3,PEBBLES_XS,-1364
80,5,3,3,ROBOT_DISHES,4682
80,5,3,3,ROBOT_IRONING,-944
80,5,3,3,ROBOT_LAUNDRY,3220
80,5,3,3,ROBOT_MOPPING,-1572
80,5,3,3,ROBOT_VACUUMING,2499
80,5,3,3,SLEEP_POD_COTTON,2727
80,5,3,3,SLEEP_POD_LAMB_WOOL,1988
80,5,3,3,SLEEP_POD_NYLON,3268
80,5,3,3,SLEEP_POD_POLYESTER,-1792
80,5,3,3,SLEEP_POD_SUEDE,-1788
80,5,3,3,SNACKPACK_CHOCOLATE,2292
80,5,3,3,SNACKPACK_PISTACHIO,1110
80,5,3,3,SNACKPACK_RASPBERRY,3146
80,5,3,3,SNACKPACK_STRAWBERRY,1635
80,5,3,3,SNACKPACK_VANILLA,2258
80,5,3,3,TRANSLATOR_ASTRO_BLACK,-492
80,5,3,3,TRANSLATOR_ECLIPSE_CHARCOAL,3650
80,5,3,3,TRANSLATOR_GRAPHITE_MIST,981
80,5,3,3,TRANSLATOR_SPACE_GRAY,-222
80,5,3,3,TRANSLATOR_VOID_BLUE,-640
80,5,3,3,UV_VISOR_AMBER,-3345
80,5,3,3,UV_VISOR_MAGENTA,1486
80,5,3,3,UV_VISOR_ORANGE,-1690
80,5,3,3,UV_VISOR_RED,3975
80,5,3,3,UV_VISOR_YELLOW,1214
80,5,3,4,GALAXY_SOUNDS_BLACK_HOLES,-3986
80,5,3,4,GALAXY_SOUNDS_DARK_MATTER,5282
80,5,3,4,GALAXY_SOUNDS_PLANETARY_RINGS,-554
80,5,3,4,GALAXY_SOUNDS_SOLAR_FLAMES,6694
80,5,3,4,GALAXY_SOUNDS_SOLAR_WINDS,3536
80,5,3,4,MICROCHIP_CIRCLE,-1582
80,5,3,4,MICROCHIP_OVAL,-5703
80,5,3,4,MICROCHIP_RECTANGLE,4235
80,5,3,4,MICROCHIP_SQUARE,7557
80,5,3,4,MICROCHIP_TRIANGLE,-3248
80,5,3,4,OXYGEN_SHAKE_CHOCOLATE,-1920
80,5,3,4,OXYGEN_SHAKE_EVENING_BREATH,1656
80,5,3,4,OXYGEN_SHAKE_GARLIC,-5898
80,5,3,4,OXYGEN_SHAKE_MINT,-825
80,5,3,4,OXYGEN_SHAKE_MORNING_BREATH,38
80,5,3,4,PANEL_1X2,-2961
80,5,3,4,PANEL_1X4,1480
80,5,3,4,PANEL_2X2,576
80,5,3,4,PANEL_2X4,-2698
80,5,3,4,PANEL_4X4,-1682
80,5,3,4,PEBBLES_L,798
80,5,3,4,PEBBLES_M,1071
80,5,3,4,PEBBLES_S,-2828
80,5,3,4,PEBBLES_XL,-11499
80,5,3,4,PEBBLES_XS,-2484
80,5,3,4,ROBOT_DISHES,-3243
80,5,3,4,ROBOT_IRONING,981
80,5,3,4,ROBOT_LAUNDRY,-668
80,5,3,4,ROBOT_MOPPING,2498
80,5,3,4,ROBOT_VACUUMING,-936
80,5,3,4,SLEEP_POD_COTTON,2424
80,5,3,4,SLEEP_POD_LAMB_WOOL,5789
80,5,3,4,SLEEP_POD_NYLON,-3074
80,5,3,4,SLEEP_POD_POLYESTER,1508
80,5,3,4,SLEEP_POD_SUEDE,1460
80,5,3,4,SNACKPACK_CHOCOLATE,855
80,5,3,4,SNACKPACK_PISTACHIO,291
80,5,3,4,SNACKPACK_RASPBERRY,2716
80,5,3,4,SNACKPACK_STRAWBERRY,-320
80,5,3,4,SNACKPACK_VANILLA,1293
80,5,3,4,TRANSLATOR_ASTRO_BLACK,1496
80,5,3,4,TRANSLATOR_ECLIPSE_CHARCOAL,4738
80,5,3,4,TRANSLATOR_GRAPHITE_MIST,5638
80,5,3,4,TRANSLATOR_SPACE_GRAY,-3360
80,5,3,4,TRANSLATOR_VOID_BLUE,24
80,5,3,4,UV_VISOR_AMBER,-780
80,5,3,4,UV_VISOR_MAGENTA,1484
80,5,3,4,UV_VISOR_ORANGE,-1270
80,5,3,4,UV_VISOR_RED,-2116
80,5,3,4,UV_VISOR_YELLOW,687
120,5,3,2,GALAXY_SOUNDS_BLACK_HOLES,2570
120,5,3,2,GALAXY_SOUNDS_DARK_MATTER,1920
120,5,3,2,GALAXY_SOUNDS_PLANETARY_RINGS,1197
120,5,3,2,GALAXY_SOUNDS_SOLAR_FLAMES,4492
120,5,3,2,GALAXY_SOUNDS_SOLAR_WINDS,-652
120,5,3,2,MICROCHIP_CIRCLE,4984
120,5,3,2,MICROCHIP_OVAL,2220
120,5,3,2,MICROCHIP_RECTANGLE,1726
120,5,3,2,MICROCHIP_SQUARE,7354
120,5,3,2,MICROCHIP_TRIANGLE,-232
120,5,3,2,OXYGEN_SHAKE_CHOCOLATE,2238
120,5,3,2,OXYGEN_SHAKE_EVENING_BREATH,-894
120,5,3,2,OXYGEN_SHAKE_GARLIC,7790
120,5,3,2,OXYGEN_SHAKE_MINT,5720
120,5,3,2,OXYGEN_SHAKE_MORNING_BREATH,14
120,5,3,2,PANEL_1X2,3466
120,5,3,2,PANEL_1X4,-3354
120,5,3,2,PANEL_2X2,1192
120,5,3,2,PANEL_2X4,3582
120,5,3,2,PANEL_4X4,-624
120,5,3,2,PEBBLES_L,4431
120,5,3,2,PEBBLES_M,-1498
120,5,3,2,PEBBLES_S,4020
120,5,3,2,PEBBLES_XL,17228
120,5,3,2,PEBBLES_XS,5836
120,5,3,2,ROBOT_DISHES,93
120,5,3,2,ROBOT_IRONING,444
120,5,3,2,ROBOT_LAUNDRY,753
120,5,3,2,ROBOT_MOPPING,1586
120,5,3,2,ROBOT_VACUUMING,-1044
120,5,3,2,SLEEP_POD_COTTON,4098
120,5,3,2,SLEEP_POD_LAMB_WOOL,1778
120,5,3,2,SLEEP_POD_NYLON,2799
120,5,3,2,SLEEP_POD_POLYESTER,5284
120,5,3,2,SLEEP_POD_SUEDE,3285
120,5,3,2,SNACKPACK_CHOCOLATE,2690
120,5,3,2,SNACKPACK_PISTACHIO,2325
120,5,3,2,SNACKPACK_RASPBERRY,4035
120,5,3,2,SNACKPACK_STRAWBERRY,1938
120,5,3,2,SNACKPACK_VANILLA,1276
120,5,3,2,TRANSLATOR_ASTRO_BLACK,-120
120,5,3,2,TRANSLATOR_ECLIPSE_CHARCOAL,-1136
120,5,3,2,TRANSLATOR_GRAPHITE_MIST,-248
120,5,3,2,TRANSLATOR_SPACE_GRAY,5667
120,5,3,2,TRANSLATOR_VOID_BLUE,4045
120,5,3,2,UV_VISOR_AMBER,4480
120,5,3,2,UV_VISOR_MAGENTA,4816
120,5,3,2,UV_VISOR_ORANGE,1202
120,5,3,2,UV_VISOR_RED,3828
120,5,3,2,UV_VISOR_YELLOW,1100
120,5,3,3,GALAXY_SOUNDS_BLACK_HOLES,7833
120,5,3,3,GALAXY_SOUNDS_DARK_MATTER,-543
120,5,3,3,GALAXY_SOUNDS_PLANETARY_RINGS,-496
120,5,3,3,GALAXY_SOUNDS_SOLAR_FLAMES,2385
120,5,3,3,GALAXY_SOUNDS_SOLAR_WINDS,5013
120,5,3,3,MICROCHIP_CIRCLE,2394
120,5,3,3,MICROCHIP_OVAL,5146
120,5,3,3,MICROCHIP_RECTANGLE,530
120,5,3,3,MICROCHIP_SQUARE,-7575
120,5,3,3,MICROCHIP_TRIANGLE,6642
120,5,3,3,OXYGEN_SHAKE_CHOCOLATE,2670
120,5,3,3,OXYGEN_SHAKE_EVENING_BREATH,3804
120,5,3,3,OXYGEN_SHAKE_GARLIC,3382
120,5,3,3,OXYGEN_SHAKE_MINT,543
120,5,3,3,OXYGEN_SHAKE_MORNING_BREATH,219
120,5,3,3,PANEL_1X2,1618
120,5,3,3,PANEL_1X4,2676
120,5,3,3,PANEL_2X2,1152
120,5,3,3,PANEL_2X4,3138
120,5,3,3,PANEL_4X4,-1186
120,5,3,3,PEBBLES_L,1146
120,5,3,3,PEBBLES_M,1320
120,5,3,3,PEBBLES_S,5211
120,5,3,3,PEBBLES_XL,4352
120,5,3,3,PEBBLES_XS,-1372
120,5,3,3,ROBOT_DISHES,4480
120,5,3,3,ROBOT_IRONING,-1860
120,5,3,3,ROBOT_LAUNDRY,3706
120,5,3,3,ROBOT_MOPPING,-1647
120,5,3,3,ROBOT_VACUUMING,2685
120,5,3,3,SLEEP_POD_COTTON,2727
120,5,3,3,SLEEP_POD_LAMB_WOOL,2696
120,5,3,3,SLEEP_POD_NYLON,3184
120,5,3,3,SLEEP_POD_POLYESTER,-1142
120,5,3,3,SLEEP_POD_SUEDE,-1326
120,5,3,3,SNACKPACK_CHOCOLATE,2460
120,5,3,3,SNACKPACK_PISTACHIO,1971
120,5,3,3,SNACKPACK_RASPBERRY,3172
120,5,3,3,SNACKPACK_STRAWBERRY,1860
120,5,3,3,SNACKPACK_VANILLA,2269
120,5,3,3,TRANSLATOR_ASTRO_BLACK,-384
120,5,3,3,TRANSLATOR_ECLIPSE_CHARCOAL,3950
120,5,3,3,TRANSLATOR_GRAPHITE_MIST,1692
120,5,3,3,TRANSLATOR_SPACE_GRAY,-1038
120,5,3,3,TRANSLATOR_VOID_BLUE,-286
120,5,3,3,UV_VISOR_AMBER,-3345
120,5,3,3,UV_VISOR_MAGENTA,1476
120,5,3,3,UV_VISOR_ORANGE,-1192
120,5,3,3,UV_VISOR_RED,4344
120,5,3,3,UV_VISOR_YELLOW,1414
120,5,3,4,GALAXY_SOUNDS_BLACK_HOLES,-3986
120,5,3,4,GALAXY_SOUNDS_DARK_MATTER,6082
120,5,3,4,GALAXY_SOUNDS_PLANETARY_RINGS,-520
120,5,3,4,GALAXY_SOUNDS_SOLAR_FLAMES,4956
120,5,3,4,GALAXY_SOUNDS_SOLAR_WINDS,3578
120,5,3,4,MICROCHIP_CIRCLE,-1354
120,5,3,4,MICROCHIP_OVAL,-5703
120,5,3,4,MICROCHIP_RECTANGLE,4736
120,5,3,4,MICROCHIP_SQUARE,8013
120,5,3,4,MICROCHIP_TRIANGLE,-3248
120,5,3,4,OXYGEN_SHAKE_CHOCOLATE,-2484
120,5,3,4,OXYGEN_SHAKE_EVENING_BREATH,1764
120,5,3,4,OXYGEN_SHAKE_GARLIC,-5898
120,5,3,4,OXYGEN_SHAKE_MINT,-402
120,5,3,4,OXYGEN_SHAKE_MORNING_BREATH,38
120,5,3,4,PANEL_1X2,-2679
120,5,3,4,PANEL_1X4,1480
120,5,3,4,PANEL_2X2,576
120,5,3,4,PANEL_2X4,-2698
120,5,3,4,PANEL_4X4,-848
120,5,3,4,PEBBLES_L,258
120,5,3,4,PEBBLES_M,1071
120,5,3,4,PEBBLES_S,-2828
120,5,3,4,PEBBLES_XL,-11469
120,5,3,4,PEBBLES_XS,-2484
120,5,3,4,ROBOT_DISHES,-3162
120,5,3,4,ROBOT_IRONING,981
120,5,3,4,ROBOT_LAUNDRY,-668
120,5,3,4,ROBOT_MOPPING,2836
120,5,3,4,ROBOT_VACUUMING,-936
120,5,3,4,SLEEP_POD_COTTON,2472
120,5,3,4,SLEEP_POD_LAMB_WOOL,5088
120,5,3,4,SLEEP_POD_NYLON,-3074
120,5,3,4,SLEEP_POD_POLYESTER,1628
120,5,3,4,SLEEP_POD_SUEDE,1714
120,5,3,4,SNACKPACK_CHOCOLATE,951
120,5,3,4,SNACKPACK_PISTACHIO,258
120,5,3,4,SNACKPACK_RASPBERRY,3016
120,5,3,4,SNACKPACK_STRAWBERRY,-320
120,5,3,4,SNACKPACK_VANILLA,1641
120,5,3,4,TRANSLATOR_ASTRO_BLACK,1184
120,5,3,4,TRANSLATOR_ECLIPSE_CHARCOAL,4676
120,5,3,4,TRANSLATOR_GRAPHITE_MIST,5246
120,5,3,4,TRANSLATOR_SPACE_GRAY,-3246
120,5,3,4,TRANSLATOR_VOID_BLUE,-435
120,5,3,4,UV_VISOR_AMBER,-780
120,5,3,4,UV_VISOR_MAGENTA,978
120,5,3,4,UV_VISOR_ORANGE,-1304
120,5,3,4,UV_VISOR_RED,-2116
120,5,3,4,UV_VISOR_YELLOW,1047
200,5,3,2,GALAXY_SOUNDS_BLACK_HOLES,2816
200,5,3,2,GALAXY_SOUNDS_DARK_MATTER,105
200,5,3,2,GALAXY_SOUNDS_PLANETARY_RINGS,1437
200,5,3,2,GALAXY_SOUNDS_SOLAR_FLAMES,5434
200,5,3,2,GALAXY_SOUNDS_SOLAR_WINDS,-460
200,5,3,2,MICROCHIP_CIRCLE,3945
200,5,3,2,MICROCHIP_OVAL,2220
200,5,3,2,MICROCHIP_RECTANGLE,1726
200,5,3,2,MICROCHIP_SQUARE,7354
200,5,3,2,MICROCHIP_TRIANGLE,-522
200,5,3,2,OXYGEN_SHAKE_CHOCOLATE,2586
200,5,3,2,OXYGEN_SHAKE_EVENING_BREATH,-654
200,5,3,2,OXYGEN_SHAKE_GARLIC,6590
200,5,3,2,OXYGEN_SHAKE_MINT,3412
200,5,3,2,OXYGEN_SHAKE_MORNING_BREATH,976
200,5,3,2,PANEL_1X2,3146
200,5,3,2,PANEL_1X4,-1689
200,5,3,2,PANEL_2X2,2150
200,5,3,2,PANEL_2X4,3048
200,5,3,2,PANEL_4X4,-507
200,5,3,2,PEBBLES_L,6261
200,5,3,2,PEBBLES_M,-638
200,5,3,2,PEBBLES_S,4923
200,5,3,2,PEBBLES_XL,16442
200,5,3,2,PEBBLES_XS,5836
200,5,3,2,ROBOT_DISHES,333
200,5,3,2,ROBOT_IRONING,432
200,5,3,2,ROBOT_LAUNDRY,741
200,5,3,2,ROBOT_MOPPING,1426
200,5,3,2,ROBOT_VACUUMING,-522
200,5,3,2,SLEEP_POD_COTTON,3984
200,5,3,2,SLEEP_POD_LAMB_WOOL,3040
200,5,3,2,SLEEP_POD_NYLON,3462
200,5,3,2,SLEEP_POD_POLYESTER,5284
200,5,3,2,SLEEP_POD_SUEDE,3285
200,5,3,2,SNACKPACK_CHOCOLATE,2054
200,5,3,2,SNACKPACK_PISTACHIO,1878
200,5,3,2,SNACKPACK_RASPBERRY,4878
200,5,3,2,SNACKPACK_STRAWBERRY,2067
200,5,3,2,SNACKPACK_VANILLA,1824
200,5,3,2,TRANSLATOR_ASTRO_BLACK,129
200,5,3,2,TRANSLATOR_ECLIPSE_CHARCOAL,-776
200,5,3,2,TRANSLATOR_GRAPHITE_MIST,-604
200,5,3,2,TRANSLATOR_SPACE_GRAY,4434
200,5,3,2,TRANSLATOR_VOID_BLUE,3876
200,5,3,2,UV_VISOR_AMBER,4480
200,5,3,2,UV_VISOR_MAGENTA,4354
200,5,3,2,UV_VISOR_ORANGE,1474
200,5,3,2,UV_VISOR_RED,2487
200,5,3,2,UV_VISOR_YELLOW,1322
200,5,3,3,GALAXY_SOUNDS_BLACK_HOLES,8211
200,5,3,3,GALAXY_SOUNDS_DARK_MATTER,174
200,5,3,3,GALAXY_SOUNDS_PLANETARY_RINGS,-496
200,5,3,3,GALAXY_SOUNDS_SOLAR_FLAMES,2772
200,5,3,3,GALAXY_SOUNDS_SOLAR_WINDS,4578
200,5,3,3,MICROCHIP_CIRCLE,1704
200,5,3,3,MICROCHIP_OVAL,4923
200,5,3,3,MICROCHIP_RECTANGLE,-87
200,5,3,3,MICROCHIP_SQUARE,-7095
200,5,3,3,MICROCHIP_TRIANGLE,6372
200,5,3,3,OXYGEN_SHAKE_CHOCOLATE,456
200,5,3,3,OXYGEN_SHAKE_EVENING_BREATH,4386
200,5,3,3,OXYGEN_SHAKE_GARLIC,3718
200,5,3,3,OXYGEN_SHAKE_MINT,837
200,5,3,3,OXYGEN_SHAKE_MORNING_BREATH,1008
200,5,3,3,PANEL_1X2,1846
200,5,3,3,PANEL_1X4,2940
200,5,3,3,PANEL_2X2,1659
200,5,3,3,PANEL_2X4,3744
200,5,3,3,PANEL_4X4,-1178
200,5,3,3,PEBBLES_L,1161
200,5,3,3,PEBBLES_M,1509
200,5,3,3,PEBBLES_S,5874
200,5,3,3,PEBBLES_XL,3140
200,5,3,3,PEBBLES_XS,-2043
200,5,3,3,ROBOT_DISHES,6034
200,5,3,3,ROBOT_IRONING,-1617
200,5,3,3,ROBOT_LAUNDRY,2642
200,5,3,3,ROBOT_MOPPING,-1431
200,5,3,3,ROBOT_VACUUMING,4179
200,5,3,3,SLEEP_POD_COTTON,3129
200,5,3,3,SLEEP_POD_LAMB_WOOL,2854
200,5,3,3,SLEEP_POD_NYLON,3092
200,5,3,3,SLEEP_POD_POLYESTER,-62
200,5,3,3,SLEEP_POD_SUEDE,-762
200,5,3,3,SNACKPACK_CHOCOLATE,1866
200,5,3,3,SNACKPACK_PISTACHIO,981
200,5,3,3,SNACKPACK_RASPBERRY,2294
200,5,3,3,SNACKPACK_STRAWBERRY,393
200,5,3,3,SNACKPACK_VANILLA,2211
200,5,3,3,TRANSLATOR_ASTRO_BLACK,-129
200,5,3,3,TRANSLATOR_ECLIPSE_CHARCOAL,4106
200,5,3,3,TRANSLATOR_GRAPHITE_MIST,549
200,5,3,3,TRANSLATOR_SPACE_GRAY,-819
200,5,3,3,TRANSLATOR_VOID_BLUE,-146
200,5,3,3,UV_VISOR_AMBER,-3102
200,5,3,3,UV_VISOR_MAGENTA,2535
200,5,3,3,UV_VISOR_ORANGE,-842
200,5,3,3,UV_VISOR_RED,4839
200,5,3,3,UV_VISOR_YELLOW,2420
200,5,3,4,GALAXY_SOUNDS_BLACK_HOLES,-3986
200,5,3,4,GALAXY_SOUNDS_DARK_MATTER,5930
200,5,3,4,GALAXY_SOUNDS_PLANETARY_RINGS,322
200,5,3,4,GALAXY_SOUNDS_SOLAR_FLAMES,4908
200,5,3,4,GALAXY_SOUNDS_SOLAR_WINDS,3334
200,5,3,4,MICROCHIP_CIRCLE,-1034
200,5,3,4,MICROCHIP_OVAL,-5703
200,5,3,4,MICROCHIP_RECTANGLE,4050
200,5,3,4,MICROCHIP_SQUARE,7104
200,5,3,4,MICROCHIP_TRIANGLE,-3248
200,5,3,4,OXYGEN_SHAKE_CHOCOLATE,-2193
200,5,3,4,OXYGEN_SHAKE_EVENING_BREATH,2844
200,5,3,4,OXYGEN_SHAKE_GARLIC,-5898
200,5,3,4,OXYGEN_SHAKE_MINT,-54
200,5,3,4,OXYGEN_SHAKE_MORNING_BREATH,38
200,5,3,4,PANEL_1X2,-2229
200,5,3,4,PANEL_1X4,1480
200,5,3,4,PANEL_2X2,576
200,5,3,4,PANEL_2X4,-2698
200,5,3,4,PANEL_4X4,-460
200,5,3,4,PEBBLES_L,501
200,5,3,4,PEBBLES_M,1071
200,5,3,4,PEBBLES_S,-2828
200,5,3,4,PEBBLES_XL,-11202
200,5,3,4,PEBBLES_XS,-2484
200,5,3,4,ROBOT_DISHES,-2943
200,5,3,4,ROBOT_IRONING,981
200,5,3,4,ROBOT_LAUNDRY,-668
200,5,3,4,ROBOT_MOPPING,2342
200,5,3,4,ROBOT_VACUUMING,-936
200,5,3,4,SLEEP_POD_COTTON,2562
200,5,3,4,SLEEP_POD_LAMB_WOOL,3054
200,5,3,4,SLEEP_POD_NYLON,-2974
200,5,3,4,SLEEP_POD_POLYESTER,1876
200,5,3,4,SLEEP_POD_SUEDE,1592
200,5,3,4,SNACKPACK_CHOCOLATE,999
200,5,3,4,SNACKPACK_PISTACHIO,-129
200,5,3,4,SNACKPACK_RASPBERRY,2466
200,5,3,4,SNACKPACK_STRAWBERRY,-320
200,5,3,4,SNACKPACK_VANILLA,2187
200,5,3,4,TRANSLATOR_ASTRO_BLACK,1786
200,5,3,4,TRANSLATOR_ECLIPSE_CHARCOAL,4156
200,5,3,4,TRANSLATOR_GRAPHITE_MIST,5568
200,5,3,4,TRANSLATOR_SPACE_GRAY,-2979
200,5,3,4,TRANSLATOR_VOID_BLUE,717
200,5,3,4,UV_VISOR_AMBER,-780
200,5,3,4,UV_VISOR_MAGENTA,1452
200,5,3,4,UV_VISOR_ORANGE,-578
200,5,3,4,UV_VISOR_RED,-2116
200,5,3,4,UV_VISOR_YELLOW,1608
10,5,5,2,GALAXY_SOUNDS_BLACK_HOLES,3892
10,5,5,2,GALAXY_SOUNDS_DARK_MATTER,1355
10,5,5,2,GALAXY_SOUNDS_PLANETARY_RINGS,1440
10,5,5,2,GALAXY_SOUNDS_SOLAR_FLAMES,3906
10,5,5,2,GALAXY_SOUNDS_SOLAR_WINDS,-1538
10,5,5,2,MICROCHIP_CIRCLE,7143
10,5,5,2,MICROCHIP_OVAL,3700
10,5,5,2,MICROCHIP_RECTANGLE,2878
10,5,5,2,MICROCHIP_SQUARE,12258
10,5,5,2,MICROCHIP_TRIANGLE,-683
10,5,5,2,OXYGEN_SHAKE_CHOCOLATE,2850
10,5,5,2,OXYGEN_SHAKE_EVENING_BREATH,-2040
10,5,5,2,OXYGEN_SHAKE_GARLIC,10370
10,5,5,2,OXYGEN_SHAKE_MINT,4328
10,5,5,2,OXYGEN_SHAKE_MORNING_BREATH,-2422
10,5,5,2,PANEL_1X2,3458
10,5,5,2,PANEL_1X4,-6904
10,5,5,2,PANEL_2X2,-886
10,5,5,2,PANEL_2X4,4403
10,5,5,2,PANEL_4X4,-2506
10,5,5,2,PEBBLES_L,6939
10,5,5,2,PEBBLES_M,-4978
10,5,5,2,PEBBLES_S,5845
10,5,5,2,PEBBLES_XL,22746
10,5,5,2,PEBBLES_XS,9728
10,5,5,2,ROBOT_DISHES,-415
10,5,5,2,ROBOT_IRONING,1073
10,5,5,2,ROBOT_LAUNDRY,829
10,5,5,2,ROBOT_MOPPING,1106
10,5,5,2,ROBOT_VACUUMING,-2748
10,5,5,2,SLEEP_POD_COTTON,6405
10,5,5,2,SLEEP_POD_LAMB_WOOL,2062
10,5,5,2,SLEEP_POD_NYLON,2747
10,5,5,2,SLEEP_POD_POLYESTER,8808
10,5,5,2,SLEEP_POD_SUEDE,5475
10,5,5,2,SNACKPACK_CHOCOLATE,994
10,5,5,2,SNACKPACK_PISTACHIO,2530
10,5,5,2,SNACKPACK_RASPBERRY,3978
10,5,5,2,SNACKPACK_STRAWBERRY,1750
10,5,5,2,SNACKPACK_VANILLA,142
10,5,5,2,TRANSLATOR_ASTRO_BLACK,-244
10,5,5,2,TRANSLATOR_ECLIPSE_CHARCOAL,-3452
10,5,5,2,TRANSLATOR_GRAPHITE_MIST,-350
10,5,5,2,TRANSLATOR_SPACE_GRAY,5211
10,5,5,2,TRANSLATOR_VOID_BLUE,5700
10,5,5,2,UV_VISOR_AMBER,7468
10,5,5,2,UV_VISOR_MAGENTA,7566
10,5,5,2,UV_VISOR_ORANGE,-548
10,5,5,2,UV_VISOR_RED,3810
10,5,5,2,UV_VISOR_YELLOW,1902
10,5,5,3,GALAXY_SOUNDS_BLACK_HOLES,9055
10,5,5,3,GALAXY_SOUNDS_DARK_MATTER,-2323
10,5,5,3,GALAXY_SOUNDS_PLANETARY_RINGS,-828
10,5,5,3,GALAXY_SOUNDS_SOLAR_FLAMES,1784
10,5,5,3,GALAXY_SOUNDS_SOLAR_WINDS,4685
10,5,5,3,MICROCHIP_CIRCLE,3040
10,5,5,3,MICROCHIP_OVAL,6206
10,5,5,3,MICROCHIP_RECTANGLE,377
10,5,5,3,MICROCHIP_SQUARE,-12809
10,5,5,3,MICROCHIP_TRIANGLE,10389
10,5,5,3,OXYGEN_SHAKE_CHOCOLATE,1589
10,5,5,3,OXYGEN_SHAKE_EVENING_BREATH,3728
10,5,5,3,OXYGEN_SHAKE_GARLIC,4352
10,5,5,3,OXYGEN_SHAKE_MINT,-157
10,5,5,3,OXYGEN_SHAKE_MORNING_BREATH,329
10,5,5,3,PANEL_1X2,2168
10,5,5,3,PANEL_1X4,3985
10,5,5,3,PANEL_2X2,1115
10,5,5,3,PANEL_2X4,2822
10,5,5,3,PANEL_4X4,-2432
10,5,5,3,PEBBLES_L,167
10,5,5,3,PEBBLES_M,-1206
10,5,5,3,PEBBLES_S,7133
10,5,5,3,PEBBLES_XL,-874
10,5,5,3,PEBBLES_XS,-4232
10,5,5,3,ROBOT_DISHES,6708
10,5,5,3,ROBOT_IRONING,-2127
10,5,5,3,ROBOT_LAUNDRY,5872
10,5,5,3,ROBOT_MOPPING,-2229
10,5,5,3,ROBOT_VACUUMING,3877
10,5,5,3,SLEEP_POD_COTTON,2891
10,5,5,3,SLEEP_POD_LAMB_WOOL,1238
10,5,5,3,SLEEP_POD_NYLON,5640
10,5,5,3,SLEEP_POD_POLYESTER,-4054
10,5,5,3,SLEEP_POD_SUEDE,-3494
10,5,5,3,SNACKPACK_CHOCOLATE,564
10,5,5,3,SNACKPACK_PISTACHIO,-160
10,5,5,3,SNACKPACK_RASPBERRY,1130
10,5,5,3,SNACKPACK_STRAWBERRY,-1185
10,5,5,3,SNACKPACK_VANILLA,-140
10,5,5,3,TRANSLATOR_ASTRO_BLACK,-955
10,5,5,3,TRANSLATOR_ECLIPSE_CHARCOAL,3966
10,5,5,3,TRANSLATOR_GRAPHITE_MIST,-798
10,5,5,3,TRANSLATOR_SPACE_GRAY,-871
10,5,5,3,TRANSLATOR_VOID_BLUE,-1748
10,5,5,3,UV_VISOR_AMBER,-5575
10,5,5,3,UV_VISOR_MAGENTA,3446
10,5,5,3,UV_VISOR_ORANGE,-2312
10,5,5,3,UV_VISOR_RED,4995
10,5,5,3,UV_VISOR_YELLOW,226
10,5,5,4,GALAXY_SOUNDS_BLACK_HOLES,-6642
10,5,5,4,GALAXY_SOUNDS_DARK_MATTER,8030
10,5,5,4,GALAXY_SOUNDS_PLANETARY_RINGS,-3618
10,5,5,4,GALAXY_SOUNDS_SOLAR_FLAMES,7230
10,5,5,4,GALAXY_SOUNDS_SOLAR_WINDS,3996
10,5,5,4,MICROCHIP_CIRCLE,-3608
10,5,5,4,MICROCHIP_OVAL,-9505
10,5,5,4,MICROCHIP_RECTANGLE,8542
10,5,5,4,MICROCHIP_SQUARE,10078
10,5,5,4,MICROCHIP_TRIANGLE,-5412
10,5,5,4,OXYGEN_SHAKE_CHOCOLATE,-3955
10,5,5,4,OXYGEN_SHAKE_EVENING_BREATH,-56
10,5,5,4,OXYGEN_SHAKE_GARLIC,-9830
10,5,5,4,OXYGEN_SHAKE_MINT,-1600
10,5,5,4,OXYGEN_SHAKE_MORNING_BREATH,62
10,5,5,4,PANEL_1X2,-5325
10,5,5,4,PANEL_1X4,2468
10,5,5,4,PANEL_2X2,960
10,5,5,4,PANEL_2X4,-4214
10,5,5,4,PANEL_4X4,-4736
10,5,5,4,PEBBLES_L,-350
10,5,5,4,PEBBLES_M,1785
10,5,5,4,PEBBLES_S,-4712
10,5,5,4,PEBBLES_XL,-19315
10,5,5,4,PEBBLES_XS,-4140
10,5,5,4,ROBOT_DISHES,-5405
10,5,5,4,ROBOT_IRONING,1635
10,5,5,4,ROBOT_LAUNDRY,-1112
10,5,5,4,ROBOT_MOPPING,5012
10,5,5,4,ROBOT_VACUUMING,-1560
10,5,5,4,SLEEP_POD_COTTON,3632
10,5,5,4,SLEEP_POD_LAMB_WOOL,6533
10,5,5,4,SLEEP_POD_NYLON,-5122
10,5,5,4,SLEEP_POD_POLYESTER,2402
10,5,5,4,SLEEP_POD_SUEDE,1858
10,5,5,4,SNACKPACK_CHOCOLATE,-495
10,5,5,4,SNACKPACK_PISTACHIO,-142
10,5,5,4,SNACKPACK_RASPBERRY,1282
10,5,5,4,SNACKPACK_STRAWBERRY,-532
10,5,5,4,SNACKPACK_VANILLA,-542
10,5,5,4,TRANSLATOR_ASTRO_BLACK,1410
10,5,5,4,TRANSLATOR_ECLIPSE_CHARCOAL,7236
10,5,5,4,TRANSLATOR_GRAPHITE_MIST,8160
10,5,5,4,TRANSLATOR_SPACE_GRAY,-5830
10,5,5,4,TRANSLATOR_VOID_BLUE,-1539
10,5,5,4,UV_VISOR_AMBER,-1300
10,5,5,4,UV_VISOR_MAGENTA,1722
10,5,5,4,UV_VISOR_ORANGE,-2630
10,5,5,4,UV_VISOR_RED,-3528
10,5,5,4,UV_VISOR_YELLOW,457
20,5,5,2,GALAXY_SOUNDS_BLACK_HOLES,4008
20,5,5,2,GALAXY_SOUNDS_DARK_MATTER,2031
20,5,5,2,GALAXY_SOUNDS_PLANETARY_RINGS,1500
20,5,5,2,GALAXY_SOUNDS_SOLAR_FLAMES,5528
20,5,5,2,GALAXY_SOUNDS_SOLAR_WINDS,-1258
20,5,5,2,MICROCHIP_CIRCLE,8060
20,5,5,2,MICROCHIP_OVAL,3700
20,5,5,2,MICROCHIP_RECTANGLE,2878
20,5,5,2,MICROCHIP_SQUARE,12258
20,5,5,2,MICROCHIP_TRIANGLE,-615
20,5,5,2,OXYGEN_SHAKE_CHOCOLATE,3384
20,5,5,2,OXYGEN_SHAKE_EVENING_BREATH,-1990
20,5,5,2,OXYGEN_SHAKE_GARLIC,10864
20,5,5,2,OXYGEN_SHAKE_MINT,6378
20,5,5,2,OXYGEN_SHAKE_MORNING_BREATH,-1798
20,5,5,2,PANEL_1X2,4508
20,5,5,2,PANEL_1X4,-6582
20,5,5,2,PANEL_2X2,-346
20,5,5,2,PANEL_2X4,4913
20,5,5,2,PANEL_4X4,-1493
20,5,5,2,PEBBLES_L,7504
20,5,5,2,PEBBLES_M,-3862
20,5,5,2,PEBBLES_S,6305
20,5,5,2,PEBBLES_XL,25206
20,5,5,2,PEBBLES_XS,9728
20,5,5,2,ROBOT_DISHES,-310
20,5,5,2,ROBOT_IRONING,1085
20,5,5,2,ROBOT_LAUNDRY,834
20,5,5,2,ROBOT_MOPPING,1744
20,5,5,2,ROBOT_VACUUMING,-2448
20,5,5,2,SLEEP_POD_COTTON,6475
20,5,5,2,SLEEP_POD_LAMB_WOOL,2606
20,5,5,2,SLEEP_POD_NYLON,3270
20,5,5,2,SLEEP_POD_POLYESTER,8808
20,5,5,2,SLEEP_POD_SUEDE,5475
20,5,5,2,SNACKPACK_CHOCOLATE,1892
20,5,5,2,SNACKPACK_PISTACHIO,2940
20,5,5,2,SNACKPACK_RASPBERRY,6098
20,5,5,2,SNACKPACK_STRAWBERRY,2560
20,5,5,2,SNACKPACK_VANILLA,1522
20,5,5,2,TRANSLATOR_ASTRO_BLACK,-75
20,5,5,2,TRANSLATOR_ECLIPSE_CHARCOAL,-3318
20,5,5,2,TRANSLATOR_GRAPHITE_MIST,-520
20,5,5,2,TRANSLATOR_SPACE_GRAY,5849
20,5,5,2,TRANSLATOR_VOID_BLUE,5735
20,5,5,2,UV_VISOR_AMBER,7468
20,5,5,2,UV_VISOR_MAGENTA,8454
20,5,5,2,UV_VISOR_ORANGE,-192
20,5,5,2,UV_VISOR_RED,4978
20,5,5,2,UV_VISOR_YELLOW,2038
20,5,5,3,GALAXY_SOUNDS_BLACK_HOLES,10060
20,5,5,3,GALAXY_SOUNDS_DARK_MATTER,-1079
20,5,5,3,GALAXY_SOUNDS_PLANETARY_RINGS,-828
20,5,5,3,GALAXY_SOUNDS_SOLAR_FLAMES,2630
20,5,5,3,GALAXY_SOUNDS_SOLAR_WINDS,6390
20,5,5,3,MICROCHIP_CIRCLE,3554
20,5,5,3,MICROCHIP_OVAL,6744
20,5,5,3,MICROCHIP_RECTANGLE,963
20,5,5,3,MICROCHIP_SQUARE,-12459
20,5,5,3,MICROCHIP_TRIANGLE,10675
20,5,5,3,OXYGEN_SHAKE_CHOCOLATE,1939
20,5,5,3,OXYGEN_SHAKE_EVENING_BREATH,3628
20,5,5,3,OXYGEN_SHAKE_GARLIC,5064
20,5,5,3,OXYGEN_SHAKE_MINT,-270
20,5,5,3,OXYGEN_SHAKE_MORNING_BREATH,790
20,5,5,3,PANEL_1X2,2222
20,5,5,3,PANEL_1X4,3985
20,5,5,3,PANEL_2X2,1530
20,5,5,3,PANEL_2X4,3642
20,5,5,3,PANEL_4X4,-2368
20,5,5,3,PEBBLES_L,1017
20,5,5,3,PEBBLES_M,-1091
20,5,5,3,PEBBLES_S,8064
20,5,5,3,PEBBLES_XL,32
20,5,5,3,PEBBLES_XS,-3802
20,5,5,3,ROBOT_DISHES,7472
20,5,5,3,ROBOT_IRONING,-2589
20,5,5,3,ROBOT_LAUNDRY,5546
20,5,5,3,ROBOT_MOPPING,-2315
20,5,5,3,ROBOT_VACUUMING,4341
20,5,5,3,SLEEP_POD_COTTON,4077
20,5,5,3,SLEEP_POD_LAMB_WOOL,1468
20,5,5,3,SLEEP_POD_NYLON,5478
20,5,5,3,SLEEP_POD_POLYESTER,-2966
20,5,5,3,SLEEP_POD_SUEDE,-3663
20,5,5,3,SNACKPACK_CHOCOLATE,2086
20,5,5,3,SNACKPACK_PISTACHIO,739
20,5,5,3,SNACKPACK_RASPBERRY,2802
20,5,5,3,SNACKPACK_STRAWBERRY,-465
20,5,5,3,SNACKPACK_VANILLA,1896
20,5,5,3,TRANSLATOR_ASTRO_BLACK,-1110
20,5,5,3,TRANSLATOR_ECLIPSE_CHARCOAL,4188
20,5,5,3,TRANSLATOR_GRAPHITE_MIST,-75
20,5,5,3,TRANSLATOR_SPACE_GRAY,-605
20,5,5,3,TRANSLATOR_VOID_BLUE,-1628
20,5,5,3,UV_VISOR_AMBER,-5575
20,5,5,3,UV_VISOR_MAGENTA,4652
20,5,5,3,UV_VISOR_ORANGE,-1978
20,5,5,3,UV_VISOR_RED,5063
20,5,5,3,UV_VISOR_YELLOW,1366
20,5,5,4,GALAXY_SOUNDS_BLACK_HOLES,-6642
20,5,5,4,GALAXY_SOUNDS_DARK_MATTER,9648
20,5,5,4,GALAXY_SOUNDS_PLANETARY_RINGS,-2952
20,5,5,4,GALAXY_SOUNDS_SOLAR_FLAMES,7945
20,5,5,4,GALAXY_SOUNDS_SOLAR_WINDS,4892
20,5,5,4,MICROCHIP_CIRCLE,-3400
20,5,5,4,MICROCHIP_OVAL,-9505
20,5,5,4,MICROCHIP_RECTANGLE,8854
20,5,5,4,MICROCHIP_SQUARE,10667
20,5,5,4,MICROCHIP_TRIANGLE,-5412
20,5,5,4,OXYGEN_SHAKE_CHOCOLATE,-3760
20,5,5,4,OXYGEN_SHAKE_EVENING_BREATH,980
20,5,5,4,OXYGEN_SHAKE_GARLIC,-9830
20,5,5,4,OXYGEN_SHAKE_MINT,-1275
20,5,5,4,OXYGEN_SHAKE_MORNING_BREATH,62
20,5,5,4,PANEL_1X2,-5325
20,5,5,4,PANEL_1X4,2468
20,5,5,4,PANEL_2X2,960
20,5,5,4,PANEL_2X4,-4498
20,5,5,4,PANEL_4X4,-4148
20,5,5,4,PEBBLES_L,-135
20,5,5,4,PEBBLES_M,1785
20,5,5,4,PEBBLES_S,-4712
20,5,5,4,PEBBLES_XL,-18750
20,5,5,4,PEBBLES_XS,-4140
20,5,5,4,ROBOT_DISHES,-5405
20,5,5,4,ROBOT_IRONING,1635
20,5,5,4,ROBOT_LAUNDRY,-1112
20,5,5,4,ROBOT_MOPPING,5286
20,5,5,4,ROBOT_VACUUMING,-1560
20,5,5,4,SLEEP_POD_COTTON,3677
20,5,5,4,SLEEP_POD_LAMB_WOOL,7880
20,5,5,4,SLEEP_POD_NYLON,-5122
20,5,5,4,SLEEP_POD_POLYESTER,2542
20,5,5,4,SLEEP_POD_SUEDE,1986
20,5,5,4,SNACKPACK_CHOCOLATE,133
20,5,5,4,SNACKPACK_PISTACHIO,180
20,5,5,4,SNACKPACK_RASPBERRY,3496
20,5,5,4,SNACKPACK_STRAWBERRY,-532
20,5,5,4,SNACKPACK_VANILLA,450
20,5,5,4,TRANSLATOR_ASTRO_BLACK,1524
20,5,5,4,TRANSLATOR_ECLIPSE_CHARCOAL,7760
20,5,5,4,TRANSLATOR_GRAPHITE_MIST,9254
20,5,5,4,TRANSLATOR_SPACE_GRAY,-5695
20,5,5,4,TRANSLATOR_VOID_BLUE,-1234
20,5,5,4,UV_VISOR_AMBER,-1300
20,5,5,4,UV_VISOR_MAGENTA,2462
20,5,5,4,UV_VISOR_ORANGE,-2378
20,5,5,4,UV_VISOR_RED,-3528
20,5,5,4,UV_VISOR_YELLOW,830
40,5,5,2,GALAXY_SOUNDS_BLACK_HOLES,4378
40,5,5,2,GALAXY_SOUNDS_DARK_MATTER,2853
40,5,5,2,GALAXY_SOUNDS_PLANETARY_RINGS,1660
40,5,5,2,GALAXY_SOUNDS_SOLAR_FLAMES,6814
40,5,5,2,GALAXY_SOUNDS_SOLAR_WINDS,-472
40,5,5,2,MICROCHIP_CIRCLE,8901
40,5,5,2,MICROCHIP_OVAL,3700
40,5,5,2,MICROCHIP_RECTANGLE,2878
40,5,5,2,MICROCHIP_SQUARE,12258
40,5,5,2,MICROCHIP_TRIANGLE,-1247
40,5,5,2,OXYGEN_SHAKE_CHOCOLATE,3530
40,5,5,2,OXYGEN_SHAKE_EVENING_BREATH,-1840
40,5,5,2,OXYGEN_SHAKE_GARLIC,11612
40,5,5,2,OXYGEN_SHAKE_MINT,8142
40,5,5,2,OXYGEN_SHAKE_MORNING_BREATH,-652
40,5,5,2,PANEL_1X2,4682
40,5,5,2,PANEL_1X4,-6125
40,5,5,2,PANEL_2X2,592
40,5,5,2,PANEL_2X4,5465
40,5,5,2,PANEL_4X4,-1993
40,5,5,2,PEBBLES_L,7567
40,5,5,2,PEBBLES_M,-3228
40,5,5,2,PEBBLES_S,5805
40,5,5,2,PEBBLES_XL,28140
40,5,5,2,PEBBLES_XS,9728
40,5,5,2,ROBOT_DISHES,-265
40,5,5,2,ROBOT_IRONING,586
40,5,5,2,ROBOT_LAUNDRY,1071
40,5,5,2,ROBOT_MOPPING,1646
40,5,5,2,ROBOT_VACUUMING,-2234
40,5,5,2,SLEEP_POD_COTTON,6545
40,5,5,2,SLEEP_POD_LAMB_WOOL,2452
40,5,5,2,SLEEP_POD_NYLON,3545
40,5,5,2,SLEEP_POD_POLYESTER,8808
40,5,5,2,SLEEP_POD_SUEDE,5475
40,5,5,2,SNACKPACK_CHOCOLATE,2704
40,5,5,2,SNACKPACK_PISTACHIO,3381
40,5,5,2,SNACKPACK_RASPBERRY,6395
40,5,5,2,SNACKPACK_STRAWBERRY,3565
40,5,5,2,SNACKPACK_VANILLA,2540
40,5,5,2,TRANSLATOR_ASTRO_BLACK,-265
40,5,5,2,TRANSLATOR_ECLIPSE_CHARCOAL,-3108
40,5,5,2,TRANSLATOR_GRAPHITE_MIST,-606
40,5,5,2,TRANSLATOR_SPACE_GRAY,6335
40,5,5,2,TRANSLATOR_VOID_BLUE,5830
40,5,5,2,UV_VISOR_AMBER,7468
40,5,5,2,UV_VISOR_MAGENTA,8920
40,5,5,2,UV_VISOR_ORANGE,1128
40,5,5,2,UV_VISOR_RED,5695
40,5,5,2,UV_VISOR_YELLOW,1858
40,5,5,3,GALAXY_SOUNDS_BLACK_HOLES,11099
40,5,5,3,GALAXY_SOUNDS_DARK_MATTER,590
40,5,5,3,GALAXY_SOUNDS_PLANETARY_RINGS,-828
40,5,5,3,GALAXY_SOUNDS_SOLAR_FLAMES,2595
40,5,5,3,GALAXY_SOUNDS_SOLAR_WINDS,7275
40,5,5,3,MICROCHIP_CIRCLE,3834
40,5,5,3,MICROCHIP_OVAL,7098
40,5,5,3,MICROCHIP_RECTANGLE,1738
40,5,5,3,MICROCHIP_SQUARE,-12789
40,5,5,3,MICROCHIP_TRIANGLE,9910
40,5,5,3,OXYGEN_SHAKE_CHOCOLATE,2640
40,5,5,3,OXYGEN_SHAKE_EVENING_BREATH,4380
40,5,5,3,OXYGEN_SHAKE_GARLIC,5632
40,5,5,3,OXYGEN_SHAKE_MINT,80
40,5,5,3,OXYGEN_SHAKE_MORNING_BREATH,1170
40,5,5,3,PANEL_1X2,2308
40,5,5,3,PANEL_1X4,4060
40,5,5,3,PANEL_2X2,1380
40,5,5,3,PANEL_2X4,3876
40,5,5,3,PANEL_4X4,-2038
40,5,5,3,PEBBLES_L,820
40,5,5,3,PEBBLES_M,-261
40,5,5,3,PEBBLES_S,8930
40,5,5,3,PEBBLES_XL,2526
40,5,5,3,PEBBLES_XS,-2962
40,5,5,3,ROBOT_DISHES,8232
40,5,5,3,ROBOT_IRONING,-2100
40,5,5,3,ROBOT_LAUNDRY,5724
40,5,5,3,ROBOT_MOPPING,-2079
40,5,5,3,ROBOT_VACUUMING,4586
40,5,5,3,SLEEP_POD_COTTON,4765
40,5,5,3,SLEEP_POD_LAMB_WOOL,2808
40,5,5,3,SLEEP_POD_NYLON,6118
40,5,5,3,SLEEP_POD_POLYESTER,-2408
40,5,5,3,SLEEP_POD_SUEDE,-3393
40,5,5,3,SNACKPACK_CHOCOLATE,4123
40,5,5,3,SNACKPACK_PISTACHIO,1860
40,5,5,3,SNACKPACK_RASPBERRY,4052
40,5,5,3,SNACKPACK_STRAWBERRY,575
40,5,5,3,SNACKPACK_VANILLA,3522
40,5,5,3,TRANSLATOR_ASTRO_BLACK,-1040
40,5,5,3,TRANSLATOR_ECLIPSE_CHARCOAL,4778
40,5,5,3,TRANSLATOR_GRAPHITE_MIST,510
40,5,5,3,TRANSLATOR_SPACE_GRAY,-535
40,5,5,3,TRANSLATOR_VOID_BLUE,-1212
40,5,5,3,UV_VISOR_AMBER,-5575
40,5,5,3,UV_VISOR_MAGENTA,5068
40,5,5,3,UV_VISOR_ORANGE,-2128
40,5,5,3,UV_VISOR_RED,6166
40,5,5,3,UV_VISOR_YELLOW,1612
40,5,5,4,GALAXY_SOUNDS_BLACK_HOLES,-6642
40,5,5,4,GALAXY_SOUNDS_DARK_MATTER,8790
40,5,5,4,GALAXY_SOUNDS_PLANETARY_RINGS,-2278
40,5,5,4,GALAXY_SOUNDS_SOLAR_FLAMES,9658
40,5,5,4,GALAXY_SOUNDS_SOLAR_WINDS,5460
40,5,5,4,MICROCHIP_CIRCLE,-3682
40,5,5,4,MICROCHIP_OVAL,-9505
40,5,5,4,MICROCHIP_RECTANGLE,8910
40,5,5,4,MICROCHIP_SQUARE,11692
40,5,5,4,MICROCHIP_TRIANGLE,-5412
40,5,5,4,OXYGEN_SHAKE_CHOCOLATE,-3182
40,5,5,4,OXYGEN_SHAKE_EVENING_BREATH,2360
40,5,5,4,OXYGEN_SHAKE_GARLIC,-9830
40,5,5,4,OXYGEN_SHAKE_MINT,-1008
40,5,5,4,OXYGEN_SHAKE_MORNING_BREATH,62
40,5,5,4,PANEL_1X2,-5325
40,5,5,4,PANEL_1X4,2468
40,5,5,4,PANEL_2X2,960
40,5,5,4,PANEL_2X4,-4498
40,5,5,4,PANEL_4X4,-3802
40,5,5,4,PEBBLES_L,485
40,5,5,4,PEBBLES_M,1785
40,5,5,4,PEBBLES_S,-4712
40,5,5,4,PEBBLES_XL,-19240
40,5,5,4,PEBBLES_XS,-4140
40,5,5,4,ROBOT_DISHES,-5405
40,5,5,4,ROBOT_IRONING,1635
40,5,5,4,ROBOT_LAUNDRY,-1112
40,5,5,4,ROBOT_MOPPING,5580
40,5,5,4,ROBOT_VACUUMING,-1560
40,5,5,4,SLEEP_POD_COTTON,4320
40,5,5,4,SLEEP_POD_LAMB_WOOL,9843
40,5,5,4,SLEEP_POD_NYLON,-5122
40,5,5,4,SLEEP_POD_POLYESTER,2308
40,5,5,4,SLEEP_POD_SUEDE,2292
40,5,5,4,SNACKPACK_CHOCOLATE,985
40,5,5,4,SNACKPACK_PISTACHIO,260
40,5,5,4,SNACKPACK_RASPBERRY,4136
40,5,5,4,SNACKPACK_STRAWBERRY,-532
40,5,5,4,SNACKPACK_VANILLA,937
40,5,5,4,TRANSLATOR_ASTRO_BLACK,2416
40,5,5,4,TRANSLATOR_ECLIPSE_CHARCOAL,8682
40,5,5,4,TRANSLATOR_GRAPHITE_MIST,10702
40,5,5,4,TRANSLATOR_SPACE_GRAY,-5625
40,5,5,4,TRANSLATOR_VOID_BLUE,-251
40,5,5,4,UV_VISOR_AMBER,-1300
40,5,5,4,UV_VISOR_MAGENTA,2832
40,5,5,4,UV_VISOR_ORANGE,-2236
40,5,5,4,UV_VISOR_RED,-3528
40,5,5,4,UV_VISOR_YELLOW,1430
80,5,5,2,GALAXY_SOUNDS_BLACK_HOLES,5008
80,5,5,2,GALAXY_SOUNDS_DARK_MATTER,3074
80,5,5,2,GALAXY_SOUNDS_PLANETARY_RINGS,1800
80,5,5,2,GALAXY_SOUNDS_SOLAR_FLAMES,6624
80,5,5,2,GALAXY_SOUNDS_SOLAR_WINDS,482
80,5,5,2,MICROCHIP_CIRCLE,8216
80,5,5,2,MICROCHIP_OVAL,3700
80,5,5,2,MICROCHIP_RECTANGLE,2878
80,5,5,2,MICROCHIP_SQUARE,12258
80,5,5,2,MICROCHIP_TRIANGLE,-685
80,5,5,2,OXYGEN_SHAKE_CHOCOLATE,2950
80,5,5,2,OXYGEN_SHAKE_EVENING_BREATH,-1690
80,5,5,2,OXYGEN_SHAKE_GARLIC,12358
80,5,5,2,OXYGEN_SHAKE_MINT,9766
80,5,5,2,OXYGEN_SHAKE_MORNING_BREATH,-322
80,5,5,2,PANEL_1X2,5418
80,5,5,2,PANEL_1X4,-5365
80,5,5,2,PANEL_2X2,1106
80,5,5,2,PANEL_2X4,5314
80,5,5,2,PANEL_4X4,-983
80,5,5,2,PEBBLES_L,8700
80,5,5,2,PEBBLES_M,-2178
80,5,5,2,PEBBLES_S,6425
80,5,5,2,PEBBLES_XL,28372
80,5,5,2,PEBBLES_XS,9728
80,5,5,2,ROBOT_DISHES,-45
80,5,5,2,ROBOT_IRONING,900
80,5,5,2,ROBOT_LAUNDRY,660
80,5,5,2,ROBOT_MOPPING,2412
80,5,5,2,ROBOT_VACUUMING,-2100
80,5,5,2,SLEEP_POD_COTTON,6410
80,5,5,2,SLEEP_POD_LAMB_WOOL,3572
80,5,5,2,SLEEP_POD_NYLON,4170
80,5,5,2,SLEEP_POD_POLYESTER,8808
80,5,5,2,SLEEP_POD_SUEDE,5475
80,5,5,2,SNACKPACK_CHOCOLATE,3542
80,5,5,2,SNACKPACK_PISTACHIO,4193
80,5,5,2,SNACKPACK_RASPBERRY,6086
80,5,5,2,SNACKPACK_STRAWBERRY,3125
80,5,5,2,SNACKPACK_VANILLA,4292
80,5,5,2,TRANSLATOR_ASTRO_BLACK,-410
80,5,5,2,TRANSLATOR_ECLIPSE_CHARCOAL,-2378
80,5,5,2,TRANSLATOR_GRAPHITE_MIST,118
80,5,5,2,TRANSLATOR_SPACE_GRAY,8410
80,5,5,2,TRANSLATOR_VOID_BLUE,6240
80,5,5,2,UV_VISOR_AMBER,7468
80,5,5,2,UV_VISOR_MAGENTA,8974
80,5,5,2,UV_VISOR_ORANGE,1962
80,5,5,2,UV_VISOR_RED,6175
80,5,5,2,UV_VISOR_YELLOW,1678
80,5,5,3,GALAXY_SOUNDS_BLACK_HOLES,13735
80,5,5,3,GALAXY_SOUNDS_DARK_MATTER,-951
80,5,5,3,GALAXY_SOUNDS_PLANETARY_RINGS,-828
80,5,5,3,GALAXY_SOUNDS_SOLAR_FLAMES,3195
80,5,5,3,GALAXY_SOUNDS_SOLAR_WINDS,6895
80,5,5,3,MICROCHIP_CIRCLE,4835
80,5,5,3,MICROCHIP_OVAL,7606
80,5,5,3,MICROCHIP_RECTANGLE,2285
80,5,5,3,MICROCHIP_SQUARE,-13105
80,5,5,3,MICROCHIP_TRIANGLE,11297
80,5,5,3,OXYGEN_SHAKE_CHOCOLATE,3945
80,5,5,3,OXYGEN_SHAKE_EVENING_BREATH,4740
80,5,5,3,OXYGEN_SHAKE_GARLIC,4722
80,5,5,3,OXYGEN_SHAKE_MINT,355
80,5,5,3,OXYGEN_SHAKE_MORNING_BREATH,1445
80,5,5,3,PANEL_1X2,2488
80,5,5,3,PANEL_1X4,4340
80,5,5,3,PANEL_2X2,1900
80,5,5,3,PANEL_2X4,5861
80,5,5,3,PANEL_4X4,-1912
80,5,5,3,PEBBLES_L,3104
80,5,5,3,PEBBLES_M,400
80,5,5,3,PEBBLES_S,9445
80,5,5,3,PEBBLES_XL,6082
80,5,5,3,PEBBLES_XS,-2272
80,5,5,3,ROBOT_DISHES,7792
80,5,5,3,ROBOT_IRONING,-1530
80,5,5,3,ROBOT_LAUNDRY,5372
80,5,5,3,ROBOT_MOPPING,-2620
80,5,5,3,ROBOT_VACUUMING,4181
80,5,5,3,SLEEP_POD_COTTON,4529
80,5,5,3,SLEEP_POD_LAMB_WOOL,3294
80,5,5,3,SLEEP_POD_NYLON,5448
80,5,5,3,SLEEP_POD_POLYESTER,-2972
80,5,5,3,SLEEP_POD_SUEDE,-2983
80,5,5,3,SNACKPACK_CHOCOLATE,3660
80,5,5,3,SNACKPACK_PISTACHIO,1845
80,5,5,3,SNACKPACK_RASPBERRY,5242
80,5,5,3,SNACKPACK_STRAWBERRY,2725
80,5,5,3,SNACKPACK_VANILLA,3762
80,5,5,3,TRANSLATOR_ASTRO_BLACK,-820
80,5,5,3,TRANSLATOR_ECLIPSE_CHARCOAL,6082
80,5,5,3,TRANSLATOR_GRAPHITE_MIST,1635
80,5,5,3,TRANSLATOR_SPACE_GRAY,-370
80,5,5,3,TRANSLATOR_VOID_BLUE,-1068
80,5,5,3,UV_VISOR_AMBER,-5575
80,5,5,3,UV_VISOR_MAGENTA,2478
80,5,5,3,UV_VISOR_ORANGE,-2818
80,5,5,3,UV_VISOR_RED,6625
80,5,5,3,UV_VISOR_YELLOW,2022
80,5,5,4,GALAXY_SOUNDS_BLACK_HOLES,-6642
80,5,5,4,GALAXY_SOUNDS_DARK_MATTER,8802
80,5,5,4,GALAXY_SOUNDS_PLANETARY_RINGS,-922
80,5,5,4,GALAXY_SOUNDS_SOLAR_FLAMES,11186
80,5,5,4,GALAXY_SOUNDS_SOLAR_WINDS,5892
80,5,5,4,MICROCHIP_CIRCLE,-2638
80,5,5,4,MICROCHIP_OVAL,-9505
80,5,5,4,MICROCHIP_RECTANGLE,7076
80,5,5,4,MICROCHIP_SQUARE,12617
80,5,5,4,MICROCHIP_TRIANGLE,-5412
80,5,5,4,OXYGEN_SHAKE_CHOCOLATE,-3200
80,5,5,4,OXYGEN_SHAKE_EVENING_BREATH,2760
80,5,5,4,OXYGEN_SHAKE_GARLIC,-9830
80,5,5,4,OXYGEN_SHAKE_MINT,-1375
80,5,5,4,OXYGEN_SHAKE_MORNING_BREATH,62
80,5,5,4,PANEL_1X2,-4935
80,5,5,4,PANEL_1X4,2468
80,5,5,4,PANEL_2X2,960
80,5,5,4,PANEL_2X4,-4498
80,5,5,4,PANEL_4X4,-2802
80,5,5,4,PEBBLES_L,1330
80,5,5,4,PEBBLES_M,1785
80,5,5,4,PEBBLES_S,-4712
80,5,5,4,PEBBLES_XL,-19165
80,5,5,4,PEBBLES_XS,-4140
80,5,5,4,ROBOT_DISHES,-5405
80,5,5,4,ROBOT_IRONING,1635
80,5,5,4,ROBOT_LAUNDRY,-1112
80,5,5,4,ROBOT_MOPPING,4158
80,5,5,4,ROBOT_VACUUMING,-1560
80,5,5,4,SLEEP_POD_COTTON,4040
80,5,5,4,SLEEP_POD_LAMB_WOOL,9655
80,5,5,4,SLEEP_POD_NYLON,-5122
80,5,5,4,SLEEP_POD_POLYESTER,2512
80,5,5,4,SLEEP_POD_SUEDE,2432
80,5,5,4,SNACKPACK_CHOCOLATE,1425
80,5,5,4,SNACKPACK_PISTACHIO,485
80,5,5,4,SNACKPACK_RASPBERRY,4524
80,5,5,4,SNACKPACK_STRAWBERRY,-532
80,5,5,4,SNACKPACK_VANILLA,2155
80,5,5,4,TRANSLATOR_ASTRO_BLACK,2492
80,5,5,4,TRANSLATOR_ECLIPSE_CHARCOAL,7738
80,5,5,4,TRANSLATOR_GRAPHITE_MIST,9286
80,5,5,4,TRANSLATOR_SPACE_GRAY,-5600
80,5,5,4,TRANSLATOR_VOID_BLUE,40
80,5,5,4,UV_VISOR_AMBER,-1300
80,5,5,4,UV_VISOR_MAGENTA,2472
80,5,5,4,UV_VISOR_ORANGE,-2132
80,5,5,4,UV_VISOR_RED,-3528
80,5,5,4,UV_VISOR_YELLOW,1145
120,5,5,2,GALAXY_SOUNDS_BLACK_HOLES,4282
120,5,5,2,GALAXY_SOUNDS_DARK_MATTER,3200
120,5,5,2,GALAXY_SOUNDS_PLANETARY_RINGS,1995
120,5,5,2,GALAXY_SOUNDS_SOLAR_FLAMES,7494
120,5,5,2,GALAXY_SOUNDS_SOLAR_WINDS,-1088
120,5,5,2,MICROCHIP_CIRCLE,8210
120,5,5,2,MICROCHIP_OVAL,3700
120,5,5,2,MICROCHIP_RECTANGLE,2878
120,5,5,2,MICROCHIP_SQUARE,12258
120,5,5,2,MICROCHIP_TRIANGLE,-524
120,5,5,2,OXYGEN_SHAKE_CHOCOLATE,3730
120,5,5,2,OXYGEN_SHAKE_EVENING_BREATH,-1490
120,5,5,2,OXYGEN_SHAKE_GARLIC,12982
120,5,5,2,OXYGEN_SHAKE_MINT,9532
120,5,5,2,OXYGEN_SHAKE_MORNING_BREATH,22
120,5,5,2,PANEL_1X2,5778
120,5,5,2,PANEL_1X4,-5590
120,5,5,2,PANEL_2X2,1990
120,5,5,2,PANEL_2X4,5970
120,5,5,2,PANEL_4X4,-1040
120,5,5,2,PEBBLES_L,7374
120,5,5,2,PEBBLES_M,-2498
120,5,5,2,PEBBLES_S,6700
120,5,5,2,PEBBLES_XL,28694
120,5,5,2,PEBBLES_XS,9728
120,5,5,2,ROBOT_DISHES,174
120,5,5,2,ROBOT_IRONING,770
120,5,5,2,ROBOT_LAUNDRY,1258
120,5,5,2,ROBOT_MOPPING,2774
120,5,5,2,ROBOT_VACUUMING,-1740
120,5,5,2,SLEEP_POD_COTTON,6830
120,5,5,2,SLEEP_POD_LAMB_WOOL,2962
120,5,5,2,SLEEP_POD_NYLON,4665
120,5,5,2,SLEEP_POD_POLYESTER,8808
120,5,5,2,SLEEP_POD_SUEDE,5475
120,5,5,2,SNACKPACK_CHOCOLATE,4482
120,5,5,2,SNACKPACK_PISTACHIO,3875
120,5,5,2,SNACKPACK_RASPBERRY,6725
120,5,5,2,SNACKPACK_STRAWBERRY,3230
120,5,5,2,SNACKPACK_VANILLA,2124
120,5,5,2,TRANSLATOR_ASTRO_BLACK,-200
120,5,5,2,TRANSLATOR_ECLIPSE_CHARCOAL,-1892
120,5,5,2,TRANSLATOR_GRAPHITE_MIST,-412
120,5,5,2,TRANSLATOR_SPACE_GRAY,9445
120,5,5,2,TRANSLATOR_VOID_BLUE,6739
120,5,5,2,UV_VISOR_AMBER,7468
120,5,5,2,UV_VISOR_MAGENTA,8028
120,5,5,2,UV_VISOR_ORANGE,2002
120,5,5,2,UV_VISOR_RED,6384
120,5,5,2,UV_VISOR_YELLOW,1832
120,5,5,3,GALAXY_SOUNDS_BLACK_HOLES,13055
120,5,5,3,GALAXY_SOUNDS_DARK_MATTER,-905
120,5,5,3,GALAXY_SOUNDS_PLANETARY_RINGS,-828
120,5,5,3,GALAXY_SOUNDS_SOLAR_FLAMES,3975
120,5,5,3,GALAXY_SOUNDS_SOLAR_WINDS,8355
120,5,5,3,MICROCHIP_CIRCLE,4021
120,5,5,3,MICROCHIP_OVAL,8612
120,5,5,3,MICROCHIP_RECTANGLE,887
120,5,5,3,MICROCHIP_SQUARE,-12596
120,5,5,3,MICROCHIP_TRIANGLE,11071
120,5,5,3,OXYGEN_SHAKE_CHOCOLATE,4450
120,5,5,3,OXYGEN_SHAKE_EVENING_BREATH,6340
120,5,5,3,OXYGEN_SHAKE_GARLIC,5638
120,5,5,3,OXYGEN_SHAKE_MINT,905
120,5,5,3,OXYGEN_SHAKE_MORNING_BREATH,365
120,5,5,3,PANEL_1X2,2698
120,5,5,3,PANEL_1X4,4460
120,5,5,3,PANEL_2X2,1920
120,5,5,3,PANEL_2X4,5216
120,5,5,3,PANEL_4X4,-1978
120,5,5,3,PEBBLES_L,1892
120,5,5,3,PEBBLES_M,2200
120,5,5,3,PEBBLES_S,8685
120,5,5,3,PEBBLES_XL,7176
120,5,5,3,PEBBLES_XS,-2288
120,5,5,3,ROBOT_DISHES,7456
120,5,5,3,ROBOT_IRONING,-3100
120,5,5,3,ROBOT_LAUNDRY,6216
120,5,5,3,ROBOT_MOPPING,-2745
120,5,5,3,ROBOT_VACUUMING,4486
120,5,5,3,SLEEP_POD_COTTON,4545
120,5,5,3,SLEEP_POD_LAMB_WOOL,4492
120,5,5,3,SLEEP_POD_NYLON,5308
120,5,5,3,SLEEP_POD_POLYESTER,-1888
120,5,5,3,SLEEP_POD_SUEDE,-2210
120,5,5,3,SNACKPACK_CHOCOLATE,4101
120,5,5,3,SNACKPACK_PISTACHIO,3285
120,5,5,3,SNACKPACK_RASPBERRY,5288
120,5,5,3,SNACKPACK_STRAWBERRY,3100
120,5,5,3,SNACKPACK_VANILLA,3635
120,5,5,3,TRANSLATOR_ASTRO_BLACK,-640
120,5,5,3,TRANSLATOR_ECLIPSE_CHARCOAL,6582
120,5,5,3,TRANSLATOR_GRAPHITE_MIST,2820
120,5,5,3,TRANSLATOR_SPACE_GRAY,-1730
120,5,5,3,TRANSLATOR_VOID_BLUE,-478
120,5,5,3,UV_VISOR_AMBER,-5575
120,5,5,3,UV_VISOR_MAGENTA,2460
120,5,5,3,UV_VISOR_ORANGE,-1988
120,5,5,3,UV_VISOR_RED,7240
120,5,5,3,UV_VISOR_YELLOW,2358
120,5,5,4,GALAXY_SOUNDS_BLACK_HOLES,-6642
120,5,5,4,GALAXY_SOUNDS_DARK_MATTER,10138
120,5,5,4,GALAXY_SOUNDS_PLANETARY_RINGS,-1028
120,5,5,4,GALAXY_SOUNDS_SOLAR_FLAMES,8260
120,5,5,4,GALAXY_SOUNDS_SOLAR_WINDS,5962
120,5,5,4,MICROCHIP_CIRCLE,-2274
120,5,5,4,MICROCHIP_OVAL,-9505
120,5,5,4,MICROCHIP_RECTANGLE,7911
120,5,5,4,MICROCHIP_SQUARE,13347
120,5,5,4,MICROCHIP_TRIANGLE,-5412
120,5,5,4,OXYGEN_SHAKE_CHOCOLATE,-4140
120,5,5,4,OXYGEN_SHAKE_EVENING_BREATH,2940
120,5,5,4,OXYGEN_SHAKE_GARLIC,-9830
120,5,5,4,OXYGEN_SHAKE_MINT,-670
120,5,5,4,OXYGEN_SHAKE_MORNING_BREATH,62
120,5,5,4,PANEL_1X2,-4465
120,5,5,4,PANEL_1X4,2468
120,5,5,4,PANEL_2X2,960
120,5,5,4,PANEL_2X4,-4498
120,5,5,4,PANEL_4X4,-1412
120,5,5,4,PEBBLES_L,430
120,5,5,4,PEBBLES_M,1785
120,5,5,4,PEBBLES_S,-4712
120,5,5,4,PEBBLES_XL,-19115
120,5,5,4,PEBBLES_XS,-4140
120,5,5,4,ROBOT_DISHES,-5270
120,5,5,4,ROBOT_IRONING,1635
120,5,5,4,ROBOT_LAUNDRY,-1112
120,5,5,4,ROBOT_MOPPING,4728
120,5,5,4,ROBOT_VACUUMING,-1560
120,5,5,4,SLEEP_POD_COTTON,4120
120,5,5,4,SLEEP_POD_LAMB_WOOL,8480
120,5,5,4,SLEEP_POD_NYLON,-5122
120,5,5,4,SLEEP_POD_POLYESTER,2712
120,5,5,4,SLEEP_POD_SUEDE,2858
120,5,5,4,SNACKPACK_CHOCOLATE,1585
120,5,5,4,SNACKPACK_PISTACHIO,406
120,5,5,4,SNACKPACK_RASPBERRY,5028
120,5,5,4,SNACKPACK_STRAWBERRY,-532
120,5,5,4,SNACKPACK_VANILLA,2735
120,5,5,4,TRANSLATOR_ASTRO_BLACK,1972
120,5,5,4,TRANSLATOR_ECLIPSE_CHARCOAL,7792
120,5,5,4,TRANSLATOR_GRAPHITE_MIST,8576
120,5,5,4,TRANSLATOR_SPACE_GRAY,-5410
120,5,5,4,TRANSLATOR_VOID_BLUE,-725
120,5,5,4,UV_VISOR_AMBER,-1300
120,5,5,4,UV_VISOR_MAGENTA,1630
120,5,5,4,UV_VISOR_ORANGE,-2186
120,5,5,4,UV_VISOR_RED,-3528
120,5,5,4,UV_VISOR_YELLOW,1745
200,5,5,2,GALAXY_SOUNDS_BLACK_HOLES,4692
200,5,5,2,GALAXY_SOUNDS_DARK_MATTER,175
200,5,5,2,GALAXY_SOUNDS_PLANETARY_RINGS,2395
200,5,5,2,GALAXY_SOUNDS_SOLAR_FLAMES,9070
200,5,5,2,GALAXY_SOUNDS_SOLAR_WINDS,-768
200,5,5,2,MICROCHIP_CIRCLE,6589
200,5,5,2,MICROCHIP_OVAL,3700
200,5,5,2,MICROCHIP_RECTANGLE,2878
200,5,5,2,MICROCHIP_SQUARE,12258
200,5,5,2,MICROCHIP_TRIANGLE,-852
200,5,5,2,OXYGEN_SHAKE_CHOCOLATE,4338
200,5,5,2,OXYGEN_SHAKE_EVENING_BREATH,-1090
200,5,5,2,OXYGEN_SHAKE_GARLIC,10978
200,5,5,2,OXYGEN_SHAKE_MINT,5688
200,5,5,2,OXYGEN_SHAKE_MORNING_BREATH,1628
200,5,5,2,PANEL_1X2,5242
200,5,5,2,PANEL_1X4,-2823
200,5,5,2,PANEL_2X2,3576
200,5,5,2,PANEL_2X4,5080
200,5,5,2,PANEL_4X4,-845
200,5,5,2,PEBBLES_L,10427
200,5,5,2,PEBBLES_M,-1062
200,5,5,2,PEBBLES_S,8205
200,5,5,2,PEBBLES_XL,27384
200,5,5,2,PEBBLES_XS,9728
200,5,5,2,ROBOT_DISHES,564
200,5,5,2,ROBOT_IRONING,720
200,5,5,2,ROBOT_LAUNDRY,1249
200,5,5,2,ROBOT_MOPPING,2384
200,5,5,2,ROBOT_VACUUMING,-870
200,5,5,2,SLEEP_POD_COTTON,6640
200,5,5,2,SLEEP_POD_LAMB_WOOL,5068
200,5,5,2,SLEEP_POD_NYLON,5770
200,5,5,2,SLEEP_POD_POLYESTER,8808
200,5,5,2,SLEEP_POD_SUEDE,5475
200,5,5,2,SNACKPACK_CHOCOLATE,3422
200,5,5,2,SNACKPACK_PISTACHIO,3130
200,5,5,2,SNACKPACK_RASPBERRY,8128
200,5,5,2,SNACKPACK_STRAWBERRY,3445
200,5,5,2,SNACKPACK_VANILLA,3040
200,5,5,2,TRANSLATOR_ASTRO_BLACK,215
200,5,5,2,TRANSLATOR_ECLIPSE_CHARCOAL,-1292
200,5,5,2,TRANSLATOR_GRAPHITE_MIST,-1008
200,5,5,2,TRANSLATOR_SPACE_GRAY,7390
200,5,5,2,TRANSLATOR_VOID_BLUE,6460
200,5,5,2,UV_VISOR_AMBER,7468
200,5,5,2,UV_VISOR_MAGENTA,7258
200,5,5,2,UV_VISOR_ORANGE,2458
200,5,5,2,UV_VISOR_RED,4145
200,5,5,2,UV_VISOR_YELLOW,2208
200,5,5,3,GALAXY_SOUNDS_BLACK_HOLES,13685
200,5,5,3,GALAXY_SOUNDS_DARK_MATTER,290
200,5,5,3,GALAXY_SOUNDS_PLANETARY_RINGS,-828
200,5,5,3,GALAXY_SOUNDS_SOLAR_FLAMES,4620
200,5,5,3,GALAXY_SOUNDS_SOLAR_WINDS,7630
200,5,5,3,MICROCHIP_CIRCLE,2841
200,5,5,3,MICROCHIP_OVAL,8219
200,5,5,3,MICROCHIP_RECTANGLE,-146
200,5,5,3,MICROCHIP_SQUARE,-11825
200,5,5,3,MICROCHIP_TRIANGLE,10567
200,5,5,3,OXYGEN_SHAKE_CHOCOLATE,760
200,5,5,3,OXYGEN_SHAKE_EVENING_BREATH,7310
200,5,5,3,OXYGEN_SHAKE_GARLIC,6198
200,5,5,3,OXYGEN_SHAKE_MINT,1395
200,5,5,3,OXYGEN_SHAKE_MORNING_BREATH,1680
200,5,5,3,PANEL_1X2,3078
200,5,5,3,PANEL_1X4,4900
200,5,5,3,PANEL_2X2,2765
200,5,5,3,PANEL_2X4,6247
200,5,5,3,PANEL_4X4,-1962
200,5,5,3,PEBBLES_L,1935
200,5,5,3,PEBBLES_M,2515
200,5,5,3,PEBBLES_S,9790
200,5,5,3,PEBBLES_XL,5156
200,5,5,3,PEBBLES_XS,-3405
200,5,5,3,ROBOT_DISHES,10038
200,5,5,3,ROBOT_IRONING,-2695
200,5,5,3,ROBOT_LAUNDRY,4402
200,5,5,3,ROBOT_MOPPING,-2393
200,5,5,3,ROBOT_VACUUMING,6962
200,5,5,3,SLEEP_POD_COTTON,5215
200,5,5,3,SLEEP_POD_LAMB_WOOL,4758
200,5,5,3,SLEEP_POD_NYLON,5152
200,5,5,3,SLEEP_POD_POLYESTER,-102
200,5,5,3,SLEEP_POD_SUEDE,-1462
200,5,5,3,SNACKPACK_CHOCOLATE,3110
200,5,5,3,SNACKPACK_PISTACHIO,1635
200,5,5,3,SNACKPACK_RASPBERRY,3822
200,5,5,3,SNACKPACK_STRAWBERRY,655
200,5,5,3,SNACKPACK_VANILLA,3685
200,5,5,3,TRANSLATOR_ASTRO_BLACK,-215
200,5,5,3,TRANSLATOR_ECLIPSE_CHARCOAL,6842
200,5,5,3,TRANSLATOR_GRAPHITE_MIST,915
200,5,5,3,TRANSLATOR_SPACE_GRAY,-1365
200,5,5,3,TRANSLATOR_VOID_BLUE,-242
200,5,5,3,UV_VISOR_AMBER,-5170
200,5,5,3,UV_VISOR_MAGENTA,4225
200,5,5,3,UV_VISOR_ORANGE,-1396
200,5,5,3,UV_VISOR_RED,8065
200,5,5,3,UV_VISOR_YELLOW,4032
200,5,5,4,GALAXY_SOUNDS_BLACK_HOLES,-6642
200,5,5,4,GALAXY_SOUNDS_DARK_MATTER,9882
200,5,5,4,GALAXY_SOUNDS_PLANETARY_RINGS,538
200,5,5,4,GALAXY_SOUNDS_SOLAR_FLAMES,8180
200,5,5,4,GALAXY_SOUNDS_SOLAR_WINDS,5558
200,5,5,4,MICROCHIP_CIRCLE,-1716
200,5,5,4,MICROCHIP_OVAL,-9505
200,5,5,4,MICROCHIP_RECTANGLE,6741
200,5,5,4,MICROCHIP_SQUARE,11832
200,5,5,4,MICROCHIP_TRIANGLE,-5412
200,5,5,4,OXYGEN_SHAKE_CHOCOLATE,-3655
200,5,5,4,OXYGEN_SHAKE_EVENING_BREATH,4740
200,5,5,4,OXYGEN_SHAKE_GARLIC,-9830
200,5,5,4,OXYGEN_SHAKE_MINT,-90
200,5,5,4,OXYGEN_SHAKE_MORNING_BREATH,62
200,5,5,4,PANEL_1X2,-3715
200,5,5,4,PANEL_1X4,2468
200,5,5,4,PANEL_2X2,960
200,5,5,4,PANEL_2X4,-4498
200,5,5,4,PANEL_4X4,-768
200,5,5,4,PEBBLES_L,835
200,5,5,4,PEBBLES_M,1785
200,5,5,4,PEBBLES_S,-4712
200,5,5,4,PEBBLES_XL,-18670
200,5,5,4,PEBBLES_XS,-4140
200,5,5,4,ROBOT_DISHES,-4896
200,5,5,4,ROBOT_IRONING,1635
200,5,5,4,ROBOT_LAUNDRY,-1112
200,5,5,4,ROBOT_MOPPING,3902
200,5,5,4,ROBOT_VACUUMING,-1560
200,5,5,4,SLEEP_POD_COTTON,4270
200,5,5,4,SLEEP_POD_LAMB_WOOL,5090
200,5,5,4,SLEEP_POD_NYLON,-4958
200,5,5,4,SLEEP_POD_POLYESTER,3128
200,5,5,4,SLEEP_POD_SUEDE,2652
200,5,5,4,SNACKPACK_CHOCOLATE,1665
200,5,5,4,SNACKPACK_PISTACHIO,-215
200,5,5,4,SNACKPACK_RASPBERRY,4110
200,5,5,4,SNACKPACK_STRAWBERRY,-532
200,5,5,4,SNACKPACK_VANILLA,3645
200,5,5,4,TRANSLATOR_ASTRO_BLACK,2978
200,5,5,4,TRANSLATOR_ECLIPSE_CHARCOAL,6928
200,5,5,4,TRANSLATOR_GRAPHITE_MIST,9008
200,5,5,4,TRANSLATOR_SPACE_GRAY,-4965
200,5,5,4,TRANSLATOR_VOID_BLUE,1195
200,5,5,4,UV_VISOR_AMBER,-1300
200,5,5,4,UV_VISOR_MAGENTA,2420
200,5,5,4,UV_VISOR_ORANGE,-976
200,5,5,4,UV_VISOR_RED,-3528
200,5,5,4,UV_VISOR_YELLOW,2680
10,5,10,2,GALAXY_SOUNDS_BLACK_HOLES,7781
10,5,10,2,GALAXY_SOUNDS_DARK_MATTER,2690
10,5,10,2,GALAXY_SOUNDS_PLANETARY_RINGS,2880
10,5,10,2,GALAXY_SOUNDS_SOLAR_FLAMES,7842
10,5,10,2,GALAXY_SOUNDS_SOLAR_WINDS,-3075
10,5,10,2,MICROCHIP_CIRCLE,15021
10,5,10,2,MICROCHIP_OVAL,7395
10,5,10,2,MICROCHIP_RECTANGLE,5750
10,5,10,2,MICROCHIP_SQUARE,24515
10,5,10,2,MICROCHIP_TRIANGLE,-1887
10,5,10,2,OXYGEN_SHAKE_CHOCOLATE,5644
10,5,10,2,OXYGEN_SHAKE_EVENING_BREATH,-4080
10,5,10,2,OXYGEN_SHAKE_GARLIC,20707
10,5,10,2,OXYGEN_SHAKE_MINT,8783
10,5,10,2,OXYGEN_SHAKE_MORNING_BREATH,-4856
10,5,10,2,PANEL_1X2,6934
10,5,10,2,PANEL_1X4,-13527
10,5,10,2,PANEL_2X2,-1474
10,5,10,2,PANEL_2X4,8866
10,5,10,2,PANEL_4X4,-5252
10,5,10,2,PEBBLES_L,13991
10,5,10,2,PEBBLES_M,-9680
10,5,10,2,PEBBLES_S,11943
10,5,10,2,PEBBLES_XL,47405
10,5,10,2,PEBBLES_XS,19455
10,5,10,2,ROBOT_DISHES,-830
10,5,10,2,ROBOT_IRONING,1847
10,5,10,2,ROBOT_LAUNDRY,1403
10,5,10,2,ROBOT_MOPPING,2688
10,5,10,2,ROBOT_VACUUMING,-5510
10,5,10,2,SLEEP_POD_COTTON,12704
10,5,10,2,SLEEP_POD_LAMB_WOOL,4142
10,5,10,2,SLEEP_POD_NYLON,5443
10,5,10,2,SLEEP_POD_POLYESTER,17615
10,5,10,2,SLEEP_POD_SUEDE,10950
10,5,10,2,SNACKPACK_CHOCOLATE,1966
10,5,10,2,SNACKPACK_PISTACHIO,5060
10,5,10,2,SNACKPACK_RASPBERRY,7874
10,5,10,2,SNACKPACK_STRAWBERRY,3500
10,5,10,2,SNACKPACK_VANILLA,233
10,5,10,2,TRANSLATOR_ASTRO_BLACK,-434
10,5,10,2,TRANSLATOR_ECLIPSE_CHARCOAL,-6753
10,5,10,2,TRANSLATOR_GRAPHITE_MIST,-900
10,5,10,2,TRANSLATOR_SPACE_GRAY,10813
10,5,10,2,TRANSLATOR_VOID_BLUE,11376
10,5,10,2,UV_VISOR_AMBER,14935
10,5,10,2,UV_VISOR_MAGENTA,15131
10,5,10,2,UV_VISOR_ORANGE,-1215
10,5,10,2,UV_VISOR_RED,7703
10,5,10,2,UV_VISOR_YELLOW,3821
10,5,10,3,GALAXY_SOUNDS_BLACK_HOLES,18189
10,5,10,3,GALAXY_SOUNDS_DARK_MATTER,-4574
10,5,10,3,GALAXY_SOUNDS_PLANETARY_RINGS,-1655
10,5,10,3,GALAXY_SOUNDS_SOLAR_FLAMES,3509
10,5,10,3,GALAXY_SOUNDS_SOLAR_WINDS,9510
10,5,10,3,MICROCHIP_CIRCLE,6880
10,5,10,3,MICROCHIP_OVAL,13240
10,5,10,3,MICROCHIP_RECTANGLE,1353
10,5,10,3,MICROCHIP_SQUARE,-25574
10,5,10,3,MICROCHIP_TRIANGLE,20626
10,5,10,3,OXYGEN_SHAKE_CHOCOLATE,3014
10,5,10,3,OXYGEN_SHAKE_EVENING_BREATH,7406
10,5,10,3,OXYGEN_SHAKE_GARLIC,8758
10,5,10,3,OXYGEN_SHAKE_MINT,-302
10,5,10,3,OXYGEN_SHAKE_MORNING_BREATH,616
10,5,10,3,PANEL_1X2,4335
10,5,10,3,PANEL_1X4,7981
10,5,10,3,PANEL_2X2,2274
10,5,10,3,PANEL_2X4,5584
10,5,10,3,PANEL_4X4,-4871
10,5,10,3,PEBBLES_L,411
10,5,10,3,PEBBLES_M,-2443
10,5,10,3,PEBBLES_S,13492
10,5,10,3,PEBBLES_XL,-1141
10,5,10,3,PEBBLES_XS,-8352
10,5,10,3,ROBOT_DISHES,13442
10,5,10,3,ROBOT_IRONING,-4112
10,5,10,3,ROBOT_LAUNDRY,11906
10,5,10,3,ROBOT_MOPPING,-4356
10,5,10,3,ROBOT_VACUUMING,8233
10,5,10,3,SLEEP_POD_COTTON,5703
10,5,10,3,SLEEP_POD_LAMB_WOOL,2567
10,5,10,3,SLEEP_POD_NYLON,10983
10,5,10,3,SLEEP_POD_POLYESTER,-8046
10,5,10,3,SLEEP_POD_SUEDE,-7091
10,5,10,3,SNACKPACK_CHOCOLATE,1003
10,5,10,3,SNACKPACK_PISTACHIO,-328
10,5,10,3,SNACKPACK_RASPBERRY,2143
10,5,10,3,SNACKPACK_STRAWBERRY,-2369
10,5,10,3,SNACKPACK_VANILLA,-357
10,5,10,3,TRANSLATOR_ASTRO_BLACK,-1836
10,5,10,3,TRANSLATOR_ECLIPSE_CHARCOAL,7932
10,5,10,3,TRANSLATOR_GRAPHITE_MIST,-1377
10,5,10,3,TRANSLATOR_SPACE_GRAY,-1792
10,5,10,3,TRANSLATOR_VOID_BLUE,-3448
10,5,10,3,UV_VISOR_AMBER,-11150
10,5,10,3,UV_VISOR_MAGENTA,6933
10,5,10,3,UV_VISOR_ORANGE,-4806
10,5,10,3,UV_VISOR_RED,9763
10,5,10,3,UV_VISOR_YELLOW,524
10,5,10,4,GALAXY_SOUNDS_BLACK_HOLES,-13285
10,5,10,4,GALAXY_SOUNDS_DARK_MATTER,16029
10,5,10,4,GALAXY_SOUNDS_PLANETARY_RINGS,-7131
10,5,10,4,GALAXY_SOUNDS_SOLAR_FLAMES,14449
10,5,10,4,GALAXY_SOUNDS_SOLAR_WINDS,7959
10,5,10,4,MICROCHIP_CIRCLE,-6973
10,5,10,4,MICROCHIP_OVAL,-19046
10,5,10,4,MICROCHIP_RECTANGLE,17936
10,5,10,4,MICROCHIP_SQUARE,21453
10,5,10,4,MICROCHIP_TRIANGLE,-10809
10,5,10,4,OXYGEN_SHAKE_CHOCOLATE,-7910
10,5,10,4,OXYGEN_SHAKE_EVENING_BREATH,-66
10,5,10,4,OXYGEN_SHAKE_GARLIC,-19660
10,5,10,4,OXYGEN_SHAKE_MINT,-3190
10,5,10,4,OXYGEN_SHAKE_MORNING_BREATH,125
10,5,10,4,PANEL_1X2,-10650
10,5,10,4,PANEL_1X4,4943
10,5,10,4,PANEL_2X2,1921
10,5,10,4,PANEL_2X4,-8659
10,5,10,4,PANEL_4X4,-9286
10,5,10,4,PEBBLES_L,-532
10,5,10,4,PEBBLES_M,3570
10,5,10,4,PEBBLES_S,-9425
10,5,10,4,PEBBLES_XL,-38315
10,5,10,4,PEBBLES_XS,-8280
10,5,10,4,ROBOT_DISHES,-10800
10,5,10,4,ROBOT_IRONING,3270
10,5,10,4,ROBOT_LAUNDRY,-2253
10,5,10,4,ROBOT_MOPPING,10219
10,5,10,4,ROBOT_VACUUMING,-3090
10,5,10,4,SLEEP_POD_COTTON,6963
10,5,10,4,SLEEP_POD_LAMB_WOOL,13764
10,5,10,4,SLEEP_POD_NYLON,-10248
10,5,10,4,SLEEP_POD_POLYESTER,4622
10,5,10,4,SLEEP_POD_SUEDE,3673
10,5,10,4,SNACKPACK_CHOCOLATE,-970
10,5,10,4,SNACKPACK_PISTACHIO,-322
10,5,10,4,SNACKPACK_RASPBERRY,2501
10,5,10,4,SNACKPACK_STRAWBERRY,-1065
10,5,10,4,SNACKPACK_VANILLA,-1116
10,5,10,4,TRANSLATOR_ASTRO_BLACK,2532
10,5,10,4,TRANSLATOR_ECLIPSE_CHARCOAL,14974
10,5,10,4,TRANSLATOR_GRAPHITE_MIST,16653
10,5,10,4,TRANSLATOR_SPACE_GRAY,-11563
10,5,10,4,TRANSLATOR_VOID_BLUE,-2748
10,5,10,4,UV_VISOR_AMBER,-2600
10,5,10,4,UV_VISOR_MAGENTA,3449
10,5,10,4,UV_VISOR_ORANGE,-5398
10,5,10,4,UV_VISOR_RED,-7055
10,5,10,4,UV_VISOR_YELLOW,887
20,5,10,2,GALAXY_SOUNDS_BLACK_HOLES,8015
20,5,10,2,GALAXY_SOUNDS_DARK_MATTER,4061
20,5,10,2,GALAXY_SOUNDS_PLANETARY_RINGS,3000
20,5,10,2,GALAXY_SOUNDS_SOLAR_FLAMES,11190
20,5,10,2,GALAXY_SOUNDS_SOLAR_WINDS,-2523
20,5,10,2,MICROCHIP_CIRCLE,16597
20,5,10,2,MICROCHIP_OVAL,7395
20,5,10,2,MICROCHIP_RECTANGLE,5750
20,5,10,2,MICROCHIP_SQUARE,24515
20,5,10,2,MICROCHIP_TRIANGLE,-2627
20,5,10,2,OXYGEN_SHAKE_CHOCOLATE,6684
20,5,10,2,OXYGEN_SHAKE_EVENING_BREATH,-3980
20,5,10,2,OXYGEN_SHAKE_GARLIC,21662
20,5,10,2,OXYGEN_SHAKE_MINT,12725
20,5,10,2,OXYGEN_SHAKE_MORNING_BREATH,-3473
20,5,10,2,PANEL_1X2,9031
20,5,10,2,PANEL_1X4,-12815
20,5,10,2,PANEL_2X2,-407
20,5,10,2,PANEL_2X4,9570
20,5,10,2,PANEL_4X4,-3096
20,5,10,2,PEBBLES_L,15072
20,5,10,2,PEBBLES_M,-7643
20,5,10,2,PEBBLES_S,12639
20,5,10,2,PEBBLES_XL,51657
20,5,10,2,PEBBLES_XS,19455
20,5,10,2,ROBOT_DISHES,-632
20,5,10,2,ROBOT_IRONING,1871
20,5,10,2,ROBOT_LAUNDRY,1950
20,5,10,2,ROBOT_MOPPING,3518
20,5,10,2,ROBOT_VACUUMING,-4947
20,5,10,2,SLEEP_POD_COTTON,12829
20,5,10,2,SLEEP_POD_LAMB_WOOL,5093
20,5,10,2,SLEEP_POD_NYLON,6692
20,5,10,2,SLEEP_POD_POLYESTER,17615
20,5,10,2,SLEEP_POD_SUEDE,10950
20,5,10,2,SNACKPACK_CHOCOLATE,3739
20,5,10,2,SNACKPACK_PISTACHIO,5830
20,5,10,2,SNACKPACK_RASPBERRY,12133
20,5,10,2,SNACKPACK_STRAWBERRY,5120
20,5,10,2,SNACKPACK_VANILLA,2965
20,5,10,2,TRANSLATOR_ASTRO_BLACK,-249
20,5,10,2,TRANSLATOR_ECLIPSE_CHARCOAL,-6534
20,5,10,2,TRANSLATOR_GRAPHITE_MIST,-1127
20,5,10,2,TRANSLATOR_SPACE_GRAY,11789
20,5,10,2,TRANSLATOR_VOID_BLUE,11463
20,5,10,2,UV_VISOR_AMBER,14935
20,5,10,2,UV_VISOR_MAGENTA,16853
20,5,10,2,UV_VISOR_ORANGE,-385
20,5,10,2,UV_VISOR_RED,9896
20,5,10,2,UV_VISOR_YELLOW,4075
20,5,10,3,GALAXY_SOUNDS_BLACK_HOLES,20108
20,5,10,3,GALAXY_SOUNDS_DARK_MATTER,-2117
20,5,10,3,GALAXY_SOUNDS_PLANETARY_RINGS,-1655
20,5,10,3,GALAXY_SOUNDS_SOLAR_FLAMES,5153
20,5,10,3,GALAXY_SOUNDS_SOLAR_WINDS,12776
20,5,10,3,MICROCHIP_CIRCLE,7591
20,5,10,3,MICROCHIP_OVAL,14507
20,5,10,3,MICROCHIP_RECTANGLE,2869
20,5,10,3,MICROCHIP_SQUARE,-25581
20,5,10,3,MICROCHIP_TRIANGLE,20885
20,5,10,3,OXYGEN_SHAKE_CHOCOLATE,3794
20,5,10,3,OXYGEN_SHAKE_EVENING_BREATH,7232
20,5,10,3,OXYGEN_SHAKE_GARLIC,10152
20,5,10,3,OXYGEN_SHAKE_MINT,-540
20,5,10,3,OXYGEN_SHAKE_MORNING_BREATH,1563
20,5,10,3,PANEL_1X2,4445
20,5,10,3,PANEL_1X4,7981
20,5,10,3,PANEL_2X2,3095
20,5,10,3,PANEL_2X4,7119
20,5,10,3,PANEL_4X4,-4734
20,5,10,3,PEBBLES_L,2641
20,5,10,3,PEBBLES_M,-2054
20,5,10,3,PEBBLES_S,15551
20,5,10,3,PEBBLES_XL,825
20,5,10,3,PEBBLES_XS,-7466
20,5,10,3,ROBOT_DISHES,14159
20,5,10,3,ROBOT_IRONING,-5100
20,5,10,3,ROBOT_LAUNDRY,10753
20,5,10,3,ROBOT_MOPPING,-4849
20,5,10,3,ROBOT_VACUUMING,8987
20,5,10,3,SLEEP_POD_COTTON,7839
20,5,10,3,SLEEP_POD_LAMB_WOOL,2977
20,5,10,3,SLEEP_POD_NYLON,10968
20,5,10,3,SLEEP_POD_POLYESTER,-5888
20,5,10,3,SLEEP_POD_SUEDE,-7333
20,5,10,3,SNACKPACK_CHOCOLATE,4043
20,5,10,3,SNACKPACK_PISTACHIO,1420
20,5,10,3,SNACKPACK_RASPBERRY,5545
20,5,10,3,SNACKPACK_STRAWBERRY,-930
20,5,10,3,SNACKPACK_VANILLA,3647
20,5,10,3,TRANSLATOR_ASTRO_BLACK,-2224
20,5,10,3,TRANSLATOR_ECLIPSE_CHARCOAL,8472
20,5,10,3,TRANSLATOR_GRAPHITE_MIST,-155
20,5,10,3,TRANSLATOR_SPACE_GRAY,-1166
20,5,10,3,TRANSLATOR_VOID_BLUE,-3195
20,5,10,3,UV_VISOR_AMBER,-11150
20,5,10,3,UV_VISOR_MAGENTA,9325
20,5,10,3,UV_VISOR_ORANGE,-4122
20,5,10,3,UV_VISOR_RED,9948
20,5,10,3,UV_VISOR_YELLOW,2775
20,5,10,4,GALAXY_SOUNDS_BLACK_HOLES,-13285
20,5,10,4,GALAXY_SOUNDS_DARK_MATTER,19171
20,5,10,4,GALAXY_SOUNDS_PLANETARY_RINGS,-5967
20,5,10,4,GALAXY_SOUNDS_SOLAR_FLAMES,15778
20,5,10,4,GALAXY_SOUNDS_SOLAR_WINDS,9648
20,5,10,4,MICROCHIP_CIRCLE,-6382
20,5,10,4,MICROCHIP_OVAL,-19046
20,5,10,4,MICROCHIP_RECTANGLE,18224
20,5,10,4,MICROCHIP_SQUARE,22201
20,5,10,4,MICROCHIP_TRIANGLE,-10809
20,5,10,4,OXYGEN_SHAKE_CHOCOLATE,-7520
20,5,10,4,OXYGEN_SHAKE_EVENING_BREATH,1986
20,5,10,4,OXYGEN_SHAKE_GARLIC,-19660
20,5,10,4,OXYGEN_SHAKE_MINT,-2540
20,5,10,4,OXYGEN_SHAKE_MORNING_BREATH,125
20,5,10,4,PANEL_1X2,-10650
20,5,10,4,PANEL_1X4,4943
20,5,10,4,PANEL_2X2,1921
20,5,10,4,PANEL_2X4,-9007
20,5,10,4,PANEL_4X4,-8321
20,5,10,4,PEBBLES_L,-193
20,5,10,4,PEBBLES_M,3570
20,5,10,4,PEBBLES_S,-9425
20,5,10,4,PEBBLES_XL,-37742
20,5,10,4,PEBBLES_XS,-8280
20,5,10,4,ROBOT_DISHES,-10800
20,5,10,4,ROBOT_IRONING,3270
20,5,10,4,ROBOT_LAUNDRY,-2253
20,5,10,4,ROBOT_MOPPING,10559
20,5,10,4,ROBOT_VACUUMING,-3090
20,5,10,4,SLEEP_POD_COTTON,7155
20,5,10,4,SLEEP_POD_LAMB_WOOL,16330
20,5,10,4,SLEEP_POD_NYLON,-10248
20,5,10,4,SLEEP_POD_POLYESTER,4903
20,5,10,4,SLEEP_POD_SUEDE,3881
20,5,10,4,SNACKPACK_CHOCOLATE,222
20,5,10,4,SNACKPACK_PISTACHIO,360
20,5,10,4,SNACKPACK_RASPBERRY,6813
20,5,10,4,SNACKPACK_STRAWBERRY,-1065
20,5,10,4,SNACKPACK_VANILLA,900
20,5,10,4,TRANSLATOR_ASTRO_BLACK,3285
20,5,10,4,TRANSLATOR_ECLIPSE_CHARCOAL,15577
20,5,10,4,TRANSLATOR_GRAPHITE_MIST,18753
20,5,10,4,TRANSLATOR_SPACE_GRAY,-11311
20,5,10,4,TRANSLATOR_VOID_BLUE,-2407
20,5,10,4,UV_VISOR_AMBER,-2600
20,5,10,4,UV_VISOR_MAGENTA,4925
20,5,10,4,UV_VISOR_ORANGE,-4907
20,5,10,4,UV_VISOR_RED,-7055
20,5,10,4,UV_VISOR_YELLOW,1660
40,5,10,2,GALAXY_SOUNDS_BLACK_HOLES,8755
40,5,10,2,GALAXY_SOUNDS_DARK_MATTER,5694
40,5,10,2,GALAXY_SOUNDS_PLANETARY_RINGS,3320
40,5,10,2,GALAXY_SOUNDS_SOLAR_FLAMES,13636
40,5,10,2,GALAXY_SOUNDS_SOLAR_WINDS,-925
40,5,10,2,MICROCHIP_CIRCLE,17492
40,5,10,2,MICROCHIP_OVAL,7395
40,5,10,2,MICROCHIP_RECTANGLE,5750
40,5,10,2,MICROCHIP_SQUARE,24515
40,5,10,2,MICROCHIP_TRIANGLE,-3672
40,5,10,2,OXYGEN_SHAKE_CHOCOLATE,7036
40,5,10,2,OXYGEN_SHAKE_EVENING_BREATH,-3680
40,5,10,2,OXYGEN_SHAKE_GARLIC,23235
40,5,10,2,OXYGEN_SHAKE_MINT,16276
40,5,10,2,OXYGEN_SHAKE_MORNING_BREATH,-1325
40,5,10,2,PANEL_1X2,9365
40,5,10,2,PANEL_1X4,-12121
40,5,10,2,PANEL_2X2,1550
40,5,10,2,PANEL_2X4,10698
40,5,10,2,PANEL_4X4,-3946
40,5,10,2,PEBBLES_L,14870
40,5,10,2,PEBBLES_M,-6609
40,5,10,2,PEBBLES_S,11255
40,5,10,2,PEBBLES_XL,55218
40,5,10,2,PEBBLES_XS,19455
40,5,10,2,ROBOT_DISHES,-510
40,5,10,2,ROBOT_IRONING,1054
40,5,10,2,ROBOT_LAUNDRY,2369
40,5,10,2,ROBOT_MOPPING,3549
40,5,10,2,ROBOT_VACUUMING,-4423
40,5,10,2,SLEEP_POD_COTTON,13016
40,5,10,2,SLEEP_POD_LAMB_WOOL,5065
40,5,10,2,SLEEP_POD_NYLON,7074
40,5,10,2,SLEEP_POD_POLYESTER,17615
40,5,10,2,SLEEP_POD_SUEDE,10950
40,5,10,2,SNACKPACK_CHOCOLATE,5297
40,5,10,2,SNACKPACK_PISTACHIO,6756
40,5,10,2,SNACKPACK_RASPBERRY,12710
40,5,10,2,SNACKPACK_STRAWBERRY,7130
40,5,10,2,SNACKPACK_VANILLA,4963
40,5,10,2,TRANSLATOR_ASTRO_BLACK,-563
40,5,10,2,TRANSLATOR_ECLIPSE_CHARCOAL,-6214
40,5,10,2,TRANSLATOR_GRAPHITE_MIST,-1191
40,5,10,2,TRANSLATOR_SPACE_GRAY,12918
40,5,10,2,TRANSLATOR_VOID_BLUE,11712
40,5,10,2,UV_VISOR_AMBER,14935
40,5,10,2,UV_VISOR_MAGENTA,17807
40,5,10,2,UV_VISOR_ORANGE,2255
40,5,10,2,UV_VISOR_RED,11390
40,5,10,2,UV_VISOR_YELLOW,3715
40,5,10,3,GALAXY_SOUNDS_BLACK_HOLES,22182
40,5,10,3,GALAXY_SOUNDS_DARK_MATTER,1267
40,5,10,3,GALAXY_SOUNDS_PLANETARY_RINGS,-1655
40,5,10,3,GALAXY_SOUNDS_SOLAR_FLAMES,5099
40,5,10,3,GALAXY_SOUNDS_SOLAR_WINDS,14626
40,5,10,3,MICROCHIP_CIRCLE,7560
40,5,10,3,MICROCHIP_OVAL,14573
40,5,10,3,MICROCHIP_RECTANGLE,3625
40,5,10,3,MICROCHIP_SQUARE,-26209
40,5,10,3,MICROCHIP_TRIANGLE,20878
40,5,10,3,OXYGEN_SHAKE_CHOCOLATE,5144
40,5,10,3,OXYGEN_SHAKE_EVENING_BREATH,8760
40,5,10,3,OXYGEN_SHAKE_GARLIC,11369
40,5,10,3,OXYGEN_SHAKE_MINT,160
40,5,10,3,OXYGEN_SHAKE_MORNING_BREATH,2340
40,5,10,3,PANEL_1X2,4615
40,5,10,3,PANEL_1X4,8116
40,5,10,3,PANEL_2X2,2750
40,5,10,3,PANEL_2X4,7307
40,5,10,3,PANEL_4X4,-4078
40,5,10,3,PEBBLES_L,1640
40,5,10,3,PEBBLES_M,-485
40,5,10,3,PEBBLES_S,17253
40,5,10,3,PEBBLES_XL,6709
40,5,10,3,PEBBLES_XS,-5764
40,5,10,3,ROBOT_DISHES,16216
40,5,10,3,ROBOT_IRONING,-4163
40,5,10,3,ROBOT_LAUNDRY,11176
40,5,10,3,ROBOT_MOPPING,-4284
40,5,10,3,ROBOT_VACUUMING,9181
40,5,10,3,SLEEP_POD_COTTON,9596
40,5,10,3,SLEEP_POD_LAMB_WOOL,5709
40,5,10,3,SLEEP_POD_NYLON,12317
40,5,10,3,SLEEP_POD_POLYESTER,-4529
40,5,10,3,SLEEP_POD_SUEDE,-6794
40,5,10,3,SNACKPACK_CHOCOLATE,8178
40,5,10,3,SNACKPACK_PISTACHIO,3696
40,5,10,3,SNACKPACK_RASPBERRY,8055
40,5,10,3,SNACKPACK_STRAWBERRY,1150
40,5,10,3,SNACKPACK_VANILLA,6994
40,5,10,3,TRANSLATOR_ASTRO_BLACK,-2084
40,5,10,3,TRANSLATOR_ECLIPSE_CHARCOAL,9607
40,5,10,3,TRANSLATOR_GRAPHITE_MIST,1200
40,5,10,3,TRANSLATOR_SPACE_GRAY,-1113
40,5,10,3,TRANSLATOR_VOID_BLUE,-2420
40,5,10,3,UV_VISOR_AMBER,-11150
40,5,10,3,UV_VISOR_MAGENTA,10135
40,5,10,3,UV_VISOR_ORANGE,-4416
40,5,10,3,UV_VISOR_RED,12115
40,5,10,3,UV_VISOR_YELLOW,3219
40,5,10,4,GALAXY_SOUNDS_BLACK_HOLES,-13285
40,5,10,4,GALAXY_SOUNDS_DARK_MATTER,17689
40,5,10,4,GALAXY_SOUNDS_PLANETARY_RINGS,-4555
40,5,10,4,GALAXY_SOUNDS_SOLAR_FLAMES,19225
40,5,10,4,GALAXY_SOUNDS_SOLAR_WINDS,10887
40,5,10,4,MICROCHIP_CIRCLE,-7303
40,5,10,4,MICROCHIP_OVAL,-19046
40,5,10,4,MICROCHIP_RECTANGLE,18383
40,5,10,4,MICROCHIP_SQUARE,23887
40,5,10,4,MICROCHIP_TRIANGLE,-10809
40,5,10,4,OXYGEN_SHAKE_CHOCOLATE,-6372
40,5,10,4,OXYGEN_SHAKE_EVENING_BREATH,4736
40,5,10,4,OXYGEN_SHAKE_GARLIC,-19660
40,5,10,4,OXYGEN_SHAKE_MINT,-2013
40,5,10,4,OXYGEN_SHAKE_MORNING_BREATH,125
40,5,10,4,PANEL_1X2,-10650
40,5,10,4,PANEL_1X4,4943
40,5,10,4,PANEL_2X2,1921
40,5,10,4,PANEL_2X4,-9007
40,5,10,4,PANEL_4X4,-7937
40,5,10,4,PEBBLES_L,1508
40,5,10,4,PEBBLES_M,3570
40,5,10,4,PEBBLES_S,-9425
40,5,10,4,PEBBLES_XL,-38480
40,5,10,4,PEBBLES_XS,-8280
40,5,10,4,ROBOT_DISHES,-10800
40,5,10,4,ROBOT_IRONING,3270
40,5,10,4,ROBOT_LAUNDRY,-2253
40,5,10,4,ROBOT_MOPPING,10801
40,5,10,4,ROBOT_VACUUMING,-3090
40,5,10,4,SLEEP_POD_COTTON,8821
40,5,10,4,SLEEP_POD_LAMB_WOOL,19802
40,5,10,4,SLEEP_POD_NYLON,-10248
40,5,10,4,SLEEP_POD_POLYESTER,4613
40,5,10,4,SLEEP_POD_SUEDE,4456
40,5,10,4,SNACKPACK_CHOCOLATE,1970
40,5,10,4,SNACKPACK_PISTACHIO,520
40,5,10,4,SNACKPACK_RASPBERRY,8088
40,5,10,4,SNACKPACK_STRAWBERRY,-1065
40,5,10,4,SNACKPACK_VANILLA,1892
40,5,10,4,TRANSLATOR_ASTRO_BLACK,4963
40,5,10,4,TRANSLATOR_ECLIPSE_CHARCOAL,17360
40,5,10,4,TRANSLATOR_GRAPHITE_MIST,21267
40,5,10,4,TRANSLATOR_SPACE_GRAY,-11078
40,5,10,4,TRANSLATOR_VOID_BLUE,-557
40,5,10,4,UV_VISOR_AMBER,-2600
40,5,10,4,UV_VISOR_MAGENTA,5665
40,5,10,4,UV_VISOR_ORANGE,-4494
40,5,10,4,UV_VISOR_RED,-7055
40,5,10,4,UV_VISOR_YELLOW,2860
80,5,10,2,GALAXY_SOUNDS_BLACK_HOLES,10013
80,5,10,2,GALAXY_SOUNDS_DARK_MATTER,5884
80,5,10,2,GALAXY_SOUNDS_PLANETARY_RINGS,3600
80,5,10,2,GALAXY_SOUNDS_SOLAR_FLAMES,13256
80,5,10,2,GALAXY_SOUNDS_SOLAR_WINDS,965
80,5,10,2,MICROCHIP_CIRCLE,15866
80,5,10,2,MICROCHIP_OVAL,7395
80,5,10,2,MICROCHIP_RECTANGLE,5750
80,5,10,2,MICROCHIP_SQUARE,24515
80,5,10,2,MICROCHIP_TRIANGLE,-2588
80,5,10,2,OXYGEN_SHAKE_CHOCOLATE,5876
80,5,10,2,OXYGEN_SHAKE_EVENING_BREATH,-3380
80,5,10,2,OXYGEN_SHAKE_GARLIC,24725
80,5,10,2,OXYGEN_SHAKE_MINT,19521
80,5,10,2,OXYGEN_SHAKE_MORNING_BREATH,-645
80,5,10,2,PANEL_1X2,10830
80,5,10,2,PANEL_1X4,-10668
80,5,10,2,PANEL_2X2,2621
80,5,10,2,PANEL_2X4,10720
80,5,10,2,PANEL_4X4,-1912
80,5,10,2,PEBBLES_L,16587
80,5,10,2,PEBBLES_M,-4405
80,5,10,2,PEBBLES_S,12925
80,5,10,2,PEBBLES_XL,55390
80,5,10,2,PEBBLES_XS,19455
80,5,10,2,ROBOT_DISHES,-66
80,5,10,2,ROBOT_IRONING,1990
80,5,10,2,ROBOT_LAUNDRY,1378
80,5,10,2,ROBOT_MOPPING,5274
80,5,10,2,ROBOT_VACUUMING,-4172
80,5,10,2,SLEEP_POD_COTTON,12867
80,5,10,2,SLEEP_POD_LAMB_WOOL,7219
80,5,10,2,SLEEP_POD_NYLON,8405
80,5,10,2,SLEEP_POD_POLYESTER,17615
80,5,10,2,SLEEP_POD_SUEDE,10950
80,5,10,2,SNACKPACK_CHOCOLATE,7085
80,5,10,2,SNACKPACK_PISTACHIO,8395
80,5,10,2,SNACKPACK_RASPBERRY,12196
80,5,10,2,SNACKPACK_STRAWBERRY,6250
80,5,10,2,SNACKPACK_VANILLA,8585
80,5,10,2,TRANSLATOR_ASTRO_BLACK,-820
80,5,10,2,TRANSLATOR_ECLIPSE_CHARCOAL,-4719
80,5,10,2,TRANSLATOR_GRAPHITE_MIST,346
80,5,10,2,TRANSLATOR_SPACE_GRAY,17152
80,5,10,2,TRANSLATOR_VOID_BLUE,12500
80,5,10,2,UV_VISOR_AMBER,14935
80,5,10,2,UV_VISOR_MAGENTA,17917
80,5,10,2,UV_VISOR_ORANGE,3925
80,5,10,2,UV_VISOR_RED,12350
80,5,10,2,UV_VISOR_YELLOW,3355
80,5,10,3,GALAXY_SOUNDS_BLACK_HOLES,27596
80,5,10,3,GALAXY_SOUNDS_DARK_MATTER,-1906
80,5,10,3,GALAXY_SOUNDS_PLANETARY_RINGS,-1655
80,5,10,3,GALAXY_SOUNDS_SOLAR_FLAMES,6299
80,5,10,3,GALAXY_SOUNDS_SOLAR_WINDS,13790
80,5,10,3,MICROCHIP_CIRCLE,9758
80,5,10,3,MICROCHIP_OVAL,15697
80,5,10,3,MICROCHIP_RECTANGLE,5497
80,5,10,3,MICROCHIP_SQUARE,-26123
80,5,10,3,MICROCHIP_TRIANGLE,23165
80,5,10,3,OXYGEN_SHAKE_CHOCOLATE,7562
80,5,10,3,OXYGEN_SHAKE_EVENING_BREATH,9480
80,5,10,3,OXYGEN_SHAKE_GARLIC,9494
80,5,10,3,OXYGEN_SHAKE_MINT,710
80,5,10,3,OXYGEN_SHAKE_MORNING_BREATH,2890
80,5,10,3,PANEL_1X2,4975
80,5,10,3,PANEL_1X4,8676
80,5,10,3,PANEL_2X2,3806
80,5,10,3,PANEL_2X4,11338
80,5,10,3,PANEL_4X4,-3828
80,5,10,3,PEBBLES_L,6244
80,5,10,3,PEBBLES_M,1079
80,5,10,3,PEBBLES_S,18893
80,5,10,3,PEBBLES_XL,12708
80,5,10,3,PEBBLES_XS,-4545
80,5,10,3,ROBOT_DISHES,15696
80,5,10,3,ROBOT_IRONING,-3000
80,5,10,3,ROBOT_LAUNDRY,10743
80,5,10,3,ROBOT_MOPPING,-5256
80,5,10,3,ROBOT_VACUUMING,8562
80,5,10,3,SLEEP_POD_COTTON,9056
80,5,10,3,SLEEP_POD_LAMB_WOOL,6478
80,5,10,3,SLEEP_POD_NYLON,10890
80,5,10,3,SLEEP_POD_POLYESTER,-5848
80,5,10,3,SLEEP_POD_SUEDE,-5956
80,5,10,3,SNACKPACK_CHOCOLATE,7080
80,5,10,3,SNACKPACK_PISTACHIO,3670
80,5,10,3,SNACKPACK_RASPBERRY,10425
80,5,10,3,SNACKPACK_STRAWBERRY,5420
80,5,10,3,SNACKPACK_VANILLA,7520
80,5,10,3,TRANSLATOR_ASTRO_BLACK,-1623
80,5,10,3,TRANSLATOR_ECLIPSE_CHARCOAL,12367
80,5,10,3,TRANSLATOR_GRAPHITE_MIST,3329
80,5,10,3,TRANSLATOR_SPACE_GRAY,-946
80,5,10,3,TRANSLATOR_VOID_BLUE,-2129
80,5,10,3,UV_VISOR_AMBER,-11150
80,5,10,3,UV_VISOR_MAGENTA,4955
80,5,10,3,UV_VISOR_ORANGE,-5796
80,5,10,3,UV_VISOR_RED,13250
80,5,10,3,UV_VISOR_YELLOW,4045
80,5,10,4,GALAXY_SOUNDS_BLACK_HOLES,-13285
80,5,10,4,GALAXY_SOUNDS_DARK_MATTER,17596
80,5,10,4,GALAXY_SOUNDS_PLANETARY_RINGS,-1845
80,5,10,4,GALAXY_SOUNDS_SOLAR_FLAMES,22388
80,5,10,4,GALAXY_SOUNDS_SOLAR_WINDS,11785
80,5,10,4,MICROCHIP_CIRCLE,-5252
80,5,10,4,MICROCHIP_OVAL,-19046
80,5,10,4,MICROCHIP_RECTANGLE,14118
80,5,10,4,MICROCHIP_SQUARE,24961
80,5,10,4,MICROCHIP_TRIANGLE,-10809
80,5,10,4,OXYGEN_SHAKE_CHOCOLATE,-6400
80,5,10,4,OXYGEN_SHAKE_EVENING_BREATH,5520
80,5,10,4,OXYGEN_SHAKE_GARLIC,-19660
80,5,10,4,OXYGEN_SHAKE_MINT,-2750
80,5,10,4,OXYGEN_SHAKE_MORNING_BREATH,125
80,5,10,4,PANEL_1X2,-9870
80,5,10,4,PANEL_1X4,4943
80,5,10,4,PANEL_2X2,1921
80,5,10,4,PANEL_2X4,-9007
80,5,10,4,PANEL_4X4,-5649
80,5,10,4,PEBBLES_L,3028
80,5,10,4,PEBBLES_M,3570
80,5,10,4,PEBBLES_S,-9425
80,5,10,4,PEBBLES_XL,-38330
80,5,10,4,PEBBLES_XS,-8280
80,5,10,4,ROBOT_DISHES,-10800
80,5,10,4,ROBOT_IRONING,3270
80,5,10,4,ROBOT_LAUNDRY,-2253
80,5,10,4,ROBOT_MOPPING,8283
80,5,10,4,ROBOT_VACUUMING,-3090
80,5,10,4,SLEEP_POD_COTTON,7988
80,5,10,4,SLEEP_POD_LAMB_WOOL,19491
80,5,10,4,SLEEP_POD_NYLON,-10248
80,5,10,4,SLEEP_POD_POLYESTER,5023
80,5,10,4,SLEEP_POD_SUEDE,4859
80,5,10,4,SNACKPACK_CHOCOLATE,2850
80,5,10,4,SNACKPACK_PISTACHIO,970
80,5,10,4,SNACKPACK_RASPBERRY,8695
80,5,10,4,SNACKPACK_STRAWBERRY,-1065
80,5,10,4,SNACKPACK_VANILLA,4310
80,5,10,4,TRANSLATOR_ASTRO_BLACK,5132
80,5,10,4,TRANSLATOR_ECLIPSE_CHARCOAL,15200
80,5,10,4,TRANSLATOR_GRAPHITE_MIST,18414
80,5,10,4,TRANSLATOR_SPACE_GRAY,-11180
80,5,10,4,TRANSLATOR_VOID_BLUE,-374
80,5,10,4,UV_VISOR_AMBER,-2600
80,5,10,4,UV_VISOR_MAGENTA,4945
80,5,10,4,UV_VISOR_ORANGE,-4284
80,5,10,4,UV_VISOR_RED,-7055
80,5,10,4,UV_VISOR_YELLOW,2290
120,5,10,2,GALAXY_SOUNDS_BLACK_HOLES,8565
120,5,10,2,GALAXY_SOUNDS_DARK_MATTER,6400
120,5,10,2,GALAXY_SOUNDS_PLANETARY_RINGS,3990
120,5,10,2,GALAXY_SOUNDS_SOLAR_FLAMES,14996
120,5,10,2,GALAXY_SOUNDS_SOLAR_WINDS,-2175
120,5,10,2,MICROCHIP_CIRCLE,16098
120,5,10,2,MICROCHIP_OVAL,7395
120,5,10,2,MICROCHIP_RECTANGLE,5750
120,5,10,2,MICROCHIP_SQUARE,24515
120,5,10,2,MICROCHIP_TRIANGLE,-1263
120,5,10,2,OXYGEN_SHAKE_CHOCOLATE,6980
120,5,10,2,OXYGEN_SHAKE_EVENING_BREATH,-2980
120,5,10,2,OXYGEN_SHAKE_GARLIC,25965
120,5,10,2,OXYGEN_SHAKE_MINT,19065
120,5,10,2,OXYGEN_SHAKE_MORNING_BREATH,45
120,5,10,2,PANEL_1X2,11555
120,5,10,2,PANEL_1X4,-11085
120,5,10,2,PANEL_2X2,4507
120,5,10,2,PANEL_2X4,11984
120,5,10,2,PANEL_4X4,-1998
120,5,10,2,PEBBLES_L,14720
120,5,10,2,PEBBLES_M,-4743
120,5,10,2,PEBBLES_S,13425
120,5,10,2,PEBBLES_XL,57548
120,5,10,2,PEBBLES_XS,19455
120,5,10,2,ROBOT_DISHES,424
120,5,10,2,ROBOT_IRONING,1750
120,5,10,2,ROBOT_LAUNDRY,2515
120,5,10,2,ROBOT_MOPPING,6185
120,5,10,2,ROBOT_VACUUMING,-3428
120,5,10,2,SLEEP_POD_COTTON,13653
120,5,10,2,SLEEP_POD_LAMB_WOOL,6072
120,5,10,2,SLEEP_POD_NYLON,9329
120,5,10,2,SLEEP_POD_POLYESTER,17615
120,5,10,2,SLEEP_POD_SUEDE,10950
120,5,10,2,SNACKPACK_CHOCOLATE,8965
120,5,10,2,SNACKPACK_PISTACHIO,7750
120,5,10,2,SNACKPACK_RASPBERRY,13450
120,5,10,2,SNACKPACK_STRAWBERRY,6460
120,5,10,2,SNACKPACK_VANILLA,4241
120,5,10,2,TRANSLATOR_ASTRO_BLACK,-400
120,5,10,2,TRANSLATOR_ECLIPSE_CHARCOAL,-3790
120,5,10,2,TRANSLATOR_GRAPHITE_MIST,-825
120,5,10,2,TRANSLATOR_SPACE_GRAY,19007
120,5,10,2,TRANSLATOR_VOID_BLUE,13479
120,5,10,2,UV_VISOR_AMBER,14935
120,5,10,2,UV_VISOR_MAGENTA,16055
120,5,10,2,UV_VISOR_ORANGE,4065
120,5,10,2,UV_VISOR_RED,12774
120,5,10,2,UV_VISOR_YELLOW,3665
120,5,10,3,GALAXY_SOUNDS_BLACK_HOLES,26110
120,5,10,3,GALAXY_SOUNDS_DARK_MATTER,-1810
120,5,10,3,GALAXY_SOUNDS_PLANETARY_RINGS,-1655
120,5,10,3,GALAXY_SOUNDS_SOLAR_FLAMES,7859
120,5,10,3,GALAXY_SOUNDS_SOLAR_WINDS,16686
120,5,10,3,MICROCHIP_CIRCLE,7837
120,5,10,3,MICROCHIP_OVAL,18288
120,5,10,3,MICROCHIP_RECTANGLE,1971
120,5,10,3,MICROCHIP_SQUARE,-25260
120,5,10,3,MICROCHIP_TRIANGLE,22526
120,5,10,3,OXYGEN_SHAKE_CHOCOLATE,8444
120,5,10,3,OXYGEN_SHAKE_EVENING_BREATH,12680
120,5,10,3,OXYGEN_SHAKE_GARLIC,11324
120,5,10,3,OXYGEN_SHAKE_MINT,1810
120,5,10,3,OXYGEN_SHAKE_MORNING_BREATH,730
120,5,10,3,PANEL_1X2,5395
120,5,10,3,PANEL_1X4,8900
120,5,10,3,PANEL_2X2,3846
120,5,10,3,PANEL_2X4,9953
120,5,10,3,PANEL_4X4,-3937
120,5,10,3,PEBBLES_L,3757
120,5,10,3,PEBBLES_M,3747
120,5,10,3,PEBBLES_S,17350
120,5,10,3,PEBBLES_XL,14730
120,5,10,3,PEBBLES_XS,-4575
120,5,10,3,ROBOT_DISHES,14898
120,5,10,3,ROBOT_IRONING,-6150
120,5,10,3,ROBOT_LAUNDRY,12605
120,5,10,3,ROBOT_MOPPING,-5524
120,5,10,3,ROBOT_VACUUMING,8977
120,5,10,3,SLEEP_POD_COTTON,9090
120,5,10,3,SLEEP_POD_LAMB_WOOL,9051
120,5,10,3,SLEEP_POD_NYLON,10625
120,5,10,3,SLEEP_POD_POLYESTER,-3726
120,5,10,3,SLEEP_POD_SUEDE,-4259
120,5,10,3,SNACKPACK_CHOCOLATE,8206
120,5,10,3,SNACKPACK_PISTACHIO,6570
120,5,10,3,SNACKPACK_RASPBERRY,10560
120,5,10,3,SNACKPACK_STRAWBERRY,6200
120,5,10,3,SNACKPACK_VANILLA,7010
120,5,10,3,TRANSLATOR_ASTRO_BLACK,-1284
120,5,10,3,TRANSLATOR_ECLIPSE_CHARCOAL,13109
120,5,10,3,TRANSLATOR_GRAPHITE_MIST,5764
120,5,10,3,TRANSLATOR_SPACE_GRAY,-3448
120,5,10,3,TRANSLATOR_VOID_BLUE,-943
120,5,10,3,UV_VISOR_AMBER,-11150
120,5,10,3,UV_VISOR_MAGENTA,4920
120,5,10,3,UV_VISOR_ORANGE,-4136
120,5,10,3,UV_VISOR_RED,14480
120,5,10,3,UV_VISOR_YELLOW,4715
120,5,10,4,GALAXY_SOUNDS_BLACK_HOLES,-13285
120,5,10,4,GALAXY_SOUNDS_DARK_MATTER,20291
120,5,10,4,GALAXY_SOUNDS_PLANETARY_RINGS,-2301
120,5,10,4,GALAXY_SOUNDS_SOLAR_FLAMES,16492
120,5,10,4,GALAXY_SOUNDS_SOLAR_WINDS,11925
120,5,10,4,MICROCHIP_CIRCLE,-4589
120,5,10,4,MICROCHIP_OVAL,-19046
120,5,10,4,MICROCHIP_RECTANGLE,15735
120,5,10,4,MICROCHIP_SQUARE,27240
120,5,10,4,MICROCHIP_TRIANGLE,-10809
120,5,10,4,OXYGEN_SHAKE_CHOCOLATE,-8280
120,5,10,4,OXYGEN_SHAKE_EVENING_BREATH,5896
120,5,10,4,OXYGEN_SHAKE_GARLIC,-19660
120,5,10,4,OXYGEN_SHAKE_MINT,-1340
120,5,10,4,OXYGEN_SHAKE_MORNING_BREATH,125
120,5,10,4,PANEL_1X2,-8930
120,5,10,4,PANEL_1X4,4943
120,5,10,4,PANEL_2X2,1921
120,5,10,4,PANEL_2X4,-9007
120,5,10,4,PANEL_4X4,-2870
120,5,10,4,PEBBLES_L,973
120,5,10,4,PEBBLES_M,3570
120,5,10,4,PEBBLES_S,-9425
120,5,10,4,PEBBLES_XL,-38230
120,5,10,4,PEBBLES_XS,-8280
120,5,10,4,ROBOT_DISHES,-10540
120,5,10,4,ROBOT_IRONING,3270
120,5,10,4,ROBOT_LAUNDRY,-2253
120,5,10,4,ROBOT_MOPPING,9477
120,5,10,4,ROBOT_VACUUMING,-3090
120,5,10,4,SLEEP_POD_COTTON,8259
120,5,10,4,SLEEP_POD_LAMB_WOOL,17064
120,5,10,4,SLEEP_POD_NYLON,-10248
120,5,10,4,SLEEP_POD_POLYESTER,5423
120,5,10,4,SLEEP_POD_SUEDE,5706
120,5,10,4,SNACKPACK_CHOCOLATE,3170
120,5,10,4,SNACKPACK_PISTACHIO,776
120,5,10,4,SNACKPACK_RASPBERRY,10055
120,5,10,4,SNACKPACK_STRAWBERRY,-1065
120,5,10,4,SNACKPACK_VANILLA,5470
120,5,10,4,TRANSLATOR_ASTRO_BLACK,3967
120,5,10,4,TRANSLATOR_ECLIPSE_CHARCOAL,15561
120,5,10,4,TRANSLATOR_GRAPHITE_MIST,16872
120,5,10,4,TRANSLATOR_SPACE_GRAY,-10800
120,5,10,4,TRANSLATOR_VOID_BLUE,-1403
120,5,10,4,UV_VISOR_AMBER,-2600
120,5,10,4,UV_VISOR_MAGENTA,3260
120,5,10,4,UV_VISOR_ORANGE,-4394
120,5,10,4,UV_VISOR_RED,-7055
120,5,10,4,UV_VISOR_YELLOW,3490
200,5,10,2,GALAXY_SOUNDS_BLACK_HOLES,9385
200,5,10,2,GALAXY_SOUNDS_DARK_MATTER,350
200,5,10,2,GALAXY_SOUNDS_PLANETARY_RINGS,4790
200,5,10,2,GALAXY_SOUNDS_SOLAR_FLAMES,18157
200,5,10,2,GALAXY_SOUNDS_SOLAR_WINDS,-1535
200,5,10,2,MICROCHIP_CIRCLE,13328
200,5,10,2,MICROCHIP_OVAL,7395
200,5,10,2,MICROCHIP_RECTANGLE,5750
200,5,10,2,MICROCHIP_SQUARE,24515
200,5,10,2,MICROCHIP_TRIANGLE,-1624
200,5,10,2,OXYGEN_SHAKE_CHOCOLATE,8718
200,5,10,2,OXYGEN_SHAKE_EVENING_BREATH,-2180
200,5,10,2,OXYGEN_SHAKE_GARLIC,21951
200,5,10,2,OXYGEN_SHAKE_MINT,11375
200,5,10,2,OXYGEN_SHAKE_MORNING_BREATH,3255
200,5,10,2,PANEL_1X2,10485
200,5,10,2,PANEL_1X4,-6189
200,5,10,2,PANEL_2X2,7911
200,5,10,2,PANEL_2X4,10177
200,5,10,2,PANEL_4X4,-1682
200,5,10,2,PEBBLES_L,20838
200,5,10,2,PEBBLES_M,-2097
200,5,10,2,PEBBLES_S,15180
200,5,10,2,PEBBLES_XL,51303
200,5,10,2,PEBBLES_XS,19455
200,5,10,2,ROBOT_DISHES,1168
200,5,10,2,ROBOT_IRONING,1530
200,5,10,2,ROBOT_LAUNDRY,2562
200,5,10,2,ROBOT_MOPPING,4769
200,5,10,2,ROBOT_VACUUMING,-1716
200,5,10,2,SLEEP_POD_COTTON,13285
200,5,10,2,SLEEP_POD_LAMB_WOOL,10338
200,5,10,2,SLEEP_POD_NYLON,11599
200,5,10,2,SLEEP_POD_POLYESTER,17615
200,5,10,2,SLEEP_POD_SUEDE,10950
200,5,10,2,SNACKPACK_CHOCOLATE,6845
200,5,10,2,SNACKPACK_PISTACHIO,6260
200,5,10,2,SNACKPACK_RASPBERRY,16253
200,5,10,2,SNACKPACK_STRAWBERRY,6890
200,5,10,2,SNACKPACK_VANILLA,6080
200,5,10,2,TRANSLATOR_ASTRO_BLACK,430
200,5,10,2,TRANSLATOR_ECLIPSE_CHARCOAL,-2589
200,5,10,2,TRANSLATOR_GRAPHITE_MIST,-2039
200,5,10,2,TRANSLATOR_SPACE_GRAY,14823
200,5,10,2,TRANSLATOR_VOID_BLUE,12924
200,5,10,2,UV_VISOR_AMBER,14935
200,5,10,2,UV_VISOR_MAGENTA,14515
200,5,10,2,UV_VISOR_ORANGE,4915
200,5,10,2,UV_VISOR_RED,8290
200,5,10,2,UV_VISOR_YELLOW,4426
200,5,10,3,GALAXY_SOUNDS_BLACK_HOLES,27370
200,5,10,3,GALAXY_SOUNDS_DARK_MATTER,580
200,5,10,3,GALAXY_SOUNDS_PLANETARY_RINGS,-1655
200,5,10,3,GALAXY_SOUNDS_SOLAR_FLAMES,9240
200,5,10,3,GALAXY_SOUNDS_SOLAR_WINDS,15260
200,5,10,3,MICROCHIP_CIRCLE,5715
200,5,10,3,MICROCHIP_OVAL,17511
200,5,10,3,MICROCHIP_RECTANGLE,-197
200,5,10,3,MICROCHIP_SQUARE,-23770
200,5,10,3,MICROCHIP_TRIANGLE,21798
200,5,10,3,OXYGEN_SHAKE_CHOCOLATE,1500
200,5,10,3,OXYGEN_SHAKE_EVENING_BREATH,14620
200,5,10,3,OXYGEN_SHAKE_GARLIC,12395
200,5,10,3,OXYGEN_SHAKE_MINT,2790
200,5,10,3,OXYGEN_SHAKE_MORNING_BREATH,3360
200,5,10,3,PANEL_1X2,6155
200,5,10,3,PANEL_1X4,9796
200,5,10,3,PANEL_2X2,5545
200,5,10,3,PANEL_2X4,12625
200,5,10,3,PANEL_4X4,-3928
200,5,10,3,PEBBLES_L,3870
200,5,10,3,PEBBLES_M,5320
200,5,10,3,PEBBLES_S,19594
200,5,10,3,PEBBLES_XL,10401
200,5,10,3,PEBBLES_XS,-6810
200,5,10,3,ROBOT_DISHES,20133
200,5,10,3,ROBOT_IRONING,-5390
200,5,10,3,ROBOT_LAUNDRY,8760
200,5,10,3,ROBOT_MOPPING,-4832
200,5,10,3,ROBOT_VACUUMING,13843
200,5,10,3,SLEEP_POD_COTTON,10409
200,5,10,3,SLEEP_POD_LAMB_WOOL,9577
200,5,10,3,SLEEP_POD_NYLON,10315
200,5,10,3,SLEEP_POD_POLYESTER,-123
200,5,10,3,SLEEP_POD_SUEDE,-4644
200,5,10,3,SNACKPACK_CHOCOLATE,6232
200,5,10,3,SNACKPACK_PISTACHIO,3270
200,5,10,3,SNACKPACK_RASPBERRY,7645
200,5,10,3,SNACKPACK_STRAWBERRY,1310
200,5,10,3,SNACKPACK_VANILLA,7350
200,5,10,3,TRANSLATOR_ASTRO_BLACK,-398
200,5,10,3,TRANSLATOR_ECLIPSE_CHARCOAL,13701
200,5,10,3,TRANSLATOR_GRAPHITE_MIST,1843
200,5,10,3,TRANSLATOR_SPACE_GRAY,-2718
200,5,10,3,TRANSLATOR_VOID_BLUE,-477
200,5,10,3,UV_VISOR_AMBER,-10340
200,5,10,3,UV_VISOR_MAGENTA,8434
200,5,10,3,UV_VISOR_ORANGE,-2930
200,5,10,3,UV_VISOR_RED,16130
200,5,10,3,UV_VISOR_YELLOW,8065
200,5,10,4,GALAXY_SOUNDS_BLACK_HOLES,-13285
200,5,10,4,GALAXY_SOUNDS_DARK_MATTER,19765
200,5,10,4,GALAXY_SOUNDS_PLANETARY_RINGS,1075
200,5,10,4,GALAXY_SOUNDS_SOLAR_FLAMES,16360
200,5,10,4,GALAXY_SOUNDS_SOLAR_WINDS,11115
200,5,10,4,MICROCHIP_CIRCLE,-3428
200,5,10,4,MICROCHIP_OVAL,-19046
200,5,10,4,MICROCHIP_RECTANGLE,13549
200,5,10,4,MICROCHIP_SQUARE,24594
200,5,10,4,MICROCHIP_TRIANGLE,-10809
200,5,10,4,OXYGEN_SHAKE_CHOCOLATE,-7310
200,5,10,4,OXYGEN_SHAKE_EVENING_BREATH,9480
200,5,10,4,OXYGEN_SHAKE_GARLIC,-19660
200,5,10,4,OXYGEN_SHAKE_MINT,-180
200,5,10,4,OXYGEN_SHAKE_MORNING_BREATH,125
200,5,10,4,PANEL_1X2,-7430
200,5,10,4,PANEL_1X4,4943
200,5,10,4,PANEL_2X2,1921
200,5,10,4,PANEL_2X4,-9007
200,5,10,4,PANEL_4X4,-1324
200,5,10,4,PEBBLES_L,1630
200,5,10,4,PEBBLES_M,3570
200,5,10,4,PEBBLES_S,-9425
200,5,10,4,PEBBLES_XL,-37340
200,5,10,4,PEBBLES_XS,-8280
200,5,10,4,ROBOT_DISHES,-9756
200,5,10,4,ROBOT_IRONING,3270
200,5,10,4,ROBOT_LAUNDRY,-2253
200,5,10,4,ROBOT_MOPPING,7771
200,5,10,4,ROBOT_VACUUMING,-3090
200,5,10,4,SLEEP_POD_COTTON,8561
200,5,10,4,SLEEP_POD_LAMB_WOOL,10186
200,5,10,4,SLEEP_POD_NYLON,-9915
200,5,10,4,SLEEP_POD_POLYESTER,6253
200,5,10,4,SLEEP_POD_SUEDE,5299
200,5,10,4,SNACKPACK_CHOCOLATE,3330
200,5,10,4,SNACKPACK_PISTACHIO,-430
200,5,10,4,SNACKPACK_RASPBERRY,8220
200,5,10,4,SNACKPACK_STRAWBERRY,-1065
200,5,10,4,SNACKPACK_VANILLA,7290
200,5,10,4,TRANSLATOR_ASTRO_BLACK,5993
200,5,10,4,TRANSLATOR_ECLIPSE_CHARCOAL,13742
200,5,10,4,TRANSLATOR_GRAPHITE_MIST,17612
200,5,10,4,TRANSLATOR_SPACE_GRAY,-9910
200,5,10,4,TRANSLATOR_VOID_BLUE,2404
200,5,10,4,UV_VISOR_AMBER,-2600
200,5,10,4,UV_VISOR_MAGENTA,4840
200,5,10,4,UV_VISOR_ORANGE,-1974
200,5,10,4,UV_VISOR_RED,-7055
200,5,10,4,UV_VISOR_YELLOW,5360
