source_product,feature,mean_importance,min_importance
OXYGEN_SHAKE_MORNING_BREATH,group_mid_rank,0.019993505900917575,0.0070297058465360164
MICROCHIP_SQUARE,mid_centered,0.01664242554938331,0.012724631789686077
PANEL_1X4,mid_centered,0.015929698807726624,0.012562475037350718
TRANSLATOR_ECLIPSE_CHARCOAL,mid_centered,0.01552597761215431,0.01172084092916582
OXYGEN_SHAKE_MORNING_BREATH,mid_centered,0.015268977639620908,0.013652083278502791
TRANSLATOR_ECLIPSE_CHARCOAL,group_mid_rank,0.013063677699102813,0.0017214473553353066
GALAXY_SOUNDS_SOLAR_FLAMES,mid_centered,0.012849518365821941,0.009658030313437755
ROBOT_IRONING,group_mid_rank,0.012549607306980404,0.0017956224461817818
GALAXY_SOUNDS_SOLAR_WINDS,group_residual_z,0.01238640387130057,0.0028921264033112855
GALAXY_SOUNDS_BLACK_HOLES,group_residual_z,0.012352014492698163,0.008589453977762803
GALAXY_SOUNDS_SOLAR_WINDS,mid_centered,0.012339579161540997,0.003932570107053496
GALAXY_SOUNDS_PLANETARY_RINGS,group_residual_z,0.012005246626821273,0.009612697705258242
GALAXY_SOUNDS_SOLAR_FLAMES,group_residual_z,0.011942262496099712,0.006962740721071829
PANEL_1X2,mid_centered,0.011889268940413327,0.0038835260316929885
OXYGEN_SHAKE_EVENING_BREATH,group_residual_z,0.011854761716684021,0.007597258088866848
SLEEP_POD_LAMB_WOOL,mid_centered,0.011677159425545059,0.004508470429411358
OXYGEN_SHAKE_MORNING_BREATH,group_residual_z,0.011388831303537392,0.005007459608746358
ROBOT_VACUUMING,group_mid_rank,0.01086990465413118,0.006064602389340629
TRANSLATOR_ECLIPSE_CHARCOAL,group_residual_z,0.010442315215770806,0.004869562772482605
OXYGEN_SHAKE_EVENING_BREATH,mid_centered,0.010321846168139056,0.006831688694437434
SLEEP_POD_SUEDE,group_residual_z,0.010296534486158361,0.004497446928884212
PANEL_2X2,mid_centered,0.010291208433698164,0.009791468242336183
OXYGEN_SHAKE_CHOCOLATE,group_mid_rank,0.010273345890310159,0.0020750440155568707
PANEL_4X4,group_residual_z,0.009975612478707143,0.006430495204233085
SLEEP_POD_LAMB_WOOL,group_residual_z,0.009762008396847282,0.006445385224150677
OXYGEN_SHAKE_GARLIC,mid_centered,0.009697956136757174,0.008825256385394106
PEBBLES_XS,group_residual_z,0.009326805577757412,0.004717138414152853
OXYGEN_SHAKE_GARLIC,group_residual_z,0.009254260898334699,0.007531803257078857
ROBOT_MOPPING,group_residual_z,0.009075897486546334,0.004773189778361458
GALAXY_SOUNDS_PLANETARY_RINGS,mid_centered,0.00906147732741606,0.004342694024340005
PEBBLES_L,mid_centered,0.009021776525672938,0.005279912216096732
SLEEP_POD_NYLON,mid_centered,0.008913402045928135,0.003370182104423577
UV_VISOR_ORANGE,group_residual_z,0.00886475456579661,0.007907883544732715
GALAXY_SOUNDS_SOLAR_FLAMES,group_mid_rank,0.008855839933906493,0.0051696431689067165
PANEL_1X4,group_residual_z,0.008845241973096487,0.007877233863565267
PANEL_1X2,group_residual_z,0.008704414321166976,0.0062117318093524556
SLEEP_POD_COTTON,mid_centered,0.008702310248875975,0.006751198430661562
GALAXY_SOUNDS_SOLAR_WINDS,group_mid_rank,0.008670797320562003,0.006322793866909333
SLEEP_POD_SUEDE,mid_centered,0.008631815614742801,0.008025122198161422
UV_VISOR_RED,mid_centered,0.008597570601661662,0.006508683967755374
GALAXY_SOUNDS_PLANETARY_RINGS,group_mid_rank,0.008268068953911004,0.005692225595589516
TRANSLATOR_SPACE_GRAY,group_residual_z,0.008158207761315098,0.006523819339578662
ROBOT_MOPPING,mid_centered,0.00807763447095694,0.0069059802720048274
TRANSLATOR_VOID_BLUE,mid_centered,0.008055988907145303,0.0046286812064979975
SLEEP_POD_COTTON,group_residual_z,0.007897288682278332,0.0072102858982207975
GALAXY_SOUNDS_BLACK_HOLES,group_mid_rank,0.00783111081309885,0.006456995178762076
OXYGEN_SHAKE_CHOCOLATE,group_residual_z,0.007786547005708209,0.0032230944496724084
PEBBLES_L,group_residual_z,0.007719034784539,0.004262682846814292
PANEL_2X4,mid_centered,0.007675351052110255,0.004631639775587954
SLEEP_POD_POLYESTER,mid_centered,0.007637670940065712,0.004217377035040364
GALAXY_SOUNDS_BLACK_HOLES,mid_centered,0.0075848201383131005,0.006140620729374187
MICROCHIP_OVAL,group_mid_rank,0.007540652259110038,0.0015897451459318352
TRANSLATOR_GRAPHITE_MIST,group_mid_rank,0.007524487818116712,0.0042644434685773815
SLEEP_POD_POLYESTER,group_residual_z,0.007516233618502584,0.005913151347555845
TRANSLATOR_SPACE_GRAY,group_mid_rank,0.007456035065725071,0.005923291355316936
ROBOT_IRONING,mid_centered,0.00735207960582803,0.0065836211449580165
UV_VISOR_ORANGE,mid_centered,0.007184665079852902,0.0036133507223066216
UV_VISOR_YELLOW,mid_centered,0.0070604117589525665,0.003608910483079951
ROBOT_DISHES,mid_centered,0.007041535632249754,0.0049734676115442905
TRANSLATOR_SPACE_GRAY,mid_centered,0.006929802194961806,0.0038992124477203465
UV_VISOR_MAGENTA,group_residual_z,0.006917625029000056,0.0037187862754717157
SNACKPACK_CHOCOLATE,group_mid_rank,0.006877157775673576,0.0032891148379321973
UV_VISOR_RED,group_mid_rank,0.006782505304365499,0.0013869370486389147
UV_VISOR_MAGENTA,mid_centered,0.006773869632805109,0.004316797765843339
PEBBLES_XL,group_residual_z,0.006730052407840247,0.004745836666963554
PANEL_2X2,group_mid_rank,0.0067047588395068095,0.0026575539410615347
PEBBLES_XL,mid_centered,0.006700723918188546,0.005098856830358294
UV_VISOR_YELLOW,group_residual_z,0.006676680478655994,0.004886733712973698
ROBOT_LAUNDRY,group_residual_z,0.006619857798026843,0.0026537977700297464
MICROCHIP_SQUARE,group_residual_z,0.0065868752190232005,0.004461468429283282
TRANSLATOR_ASTRO_BLACK,group_residual_z,0.006514562407166504,0.00366610687474026
PEBBLES_XS,mid_centered,0.006450339474064429,0.005782508515321002
SNACKPACK_VANILLA,group_residual_z,0.006331457854285009,0.005436937853451516
PANEL_2X2,group_residual_z,0.00630765912320666,0.00349956315162397
SLEEP_POD_NYLON,group_residual_z,0.006305102562489273,0.005010884784057712
MICROCHIP_CIRCLE,group_residual_z,0.006245057803435421,0.005511364479023877
SLEEP_POD_POLYESTER,group_mid_rank,0.006142437329121277,0.003460191061731421
PEBBLES_S,group_residual_z,0.006083830582082791,0.005754291312676681
SNACKPACK_STRAWBERRY,group_residual_z,0.006067376732445045,0.0029282272053223085
PEBBLES_S,mid_centered,0.00603536115683809,0.004069158353602775
GALAXY_SOUNDS_DARK_MATTER,group_residual_z,0.006027235687330579,0.005237337885626941
TRANSLATOR_VOID_BLUE,group_residual_z,0.005979123766424472,0.003617891447149063
ROBOT_VACUUMING,group_residual_z,0.005800727348830505,0.004497465182996542
UV_VISOR_RED,group_residual_z,0.005400876279627494,0.0032364797342704634
UV_VISOR_AMBER,group_residual_z,0.005340141209920583,0.0035620019089364964
SNACKPACK_VANILLA,group_mid_rank,0.005322961191029595,0.0021547690474357922
TRANSLATOR_ASTRO_BLACK,mid_centered,0.005227248549251767,0.001453232345025799
MICROCHIP_RECTANGLE,mid_centered,0.005188681252002505,0.0033147611684484694
MICROCHIP_TRIANGLE,mid_centered,0.005176192017919887,0.00448749259047374
SNACKPACK_CHOCOLATE,group_residual_z,0.0051651757483558635,0.00198765372539655
PEBBLES_M,mid_centered,0.0051255653342626,0.004059525932665056
SLEEP_POD_COTTON,group_mid_rank,0.004995089430158193,0.000923614801602265
ROBOT_DISHES,group_residual_z,0.004910834147672814,0.0034871979947275313
PANEL_4X4,mid_centered,0.0048396649774507,0.00440554050142694
PANEL_2X4,group_residual_z,0.004835882013200437,0.0034564819031536144
MICROCHIP_TRIANGLE,group_residual_z,0.004819011661405411,0.004076214073085523
MICROCHIP_OVAL,mid_centered,0.004817976484035869,0.002205483939789849
ROBOT_LAUNDRY,mid_centered,0.004736040096581199,0.004606230114772573
ROBOT_VACUUMING,mid_centered,0.004713036351849552,0.0023072171451193695
SNACKPACK_PISTACHIO,group_residual_z,0.00466932284258834,0.0039744621029307635
PEBBLES_L,group_mid_rank,0.00465601980683716,0.003886366250589465
PANEL_4X4,group_mid_rank,0.004542569343378036,0.0013758295641250803
SNACKPACK_VANILLA,mid_centered,0.004541216199200154,0.0037520779805734258
SNACKPACK_CHOCOLATE,mid_centered,0.0045366197060959955,0.003110764968021583
MICROCHIP_RECTANGLE,group_residual_z,0.004533592374738454,0.003025929463347429
UV_VISOR_AMBER,mid_centered,0.004494385793045271,0.003647433652965187
ROBOT_LAUNDRY,group_mid_rank,0.004445197867468813,0.0030329299460829947
PEBBLES_M,group_residual_z,0.004433973797248487,0.0012385006880748348
SNACKPACK_RASPBERRY,group_residual_z,0.004370611214242867,0.002591555300538988
SNACKPACK_RASPBERRY,group_mid_rank,0.004241851135760244,0.0027220910394634293
SNACKPACK_PISTACHIO,mid_centered,0.004198368722454889,0.0016640948470682422
ROBOT_MOPPING,group_mid_rank,0.004158174004757305,0.0014642862882627236
ROBOT_IRONING,group_residual_z,0.004130387250246015,0.002873606287675483
TRANSLATOR_GRAPHITE_MIST,group_residual_z,0.004125601310000813,0.0029063318834602727
PANEL_1X2,group_mid_rank,0.0041171966716229925,0.0002306484841339116
MICROCHIP_RECTANGLE,group_mid_rank,0.0040614292017573375,0.0020029046356726046
OXYGEN_SHAKE_CHOCOLATE,mid_centered,0.004053282448783475,0.003269658225027869
SNACKPACK_RASPBERRY,mid_centered,0.0040301870715232,0.00256359087413162
OXYGEN_SHAKE_MINT,group_mid_rank,0.003918167942746304,0.0007581202340014133
MICROCHIP_CIRCLE,mid_centered,0.0038972807958679192,0.0023129790160351864
TRANSLATOR_ASTRO_BLACK,group_mid_rank,0.0038192415798619706,0.0015560069607051977
GALAXY_SOUNDS_DARK_MATTER,mid_centered,0.0034630285414752123,0.0018458564710880042
SLEEP_POD_LAMB_WOOL,group_mid_rank,0.003374833739331933,0.0
OXYGEN_SHAKE_GARLIC,group_mid_rank,0.003358069726323458,0.0
PEBBLES_M,group_mid_rank,0.0032863151533918888,0.0023703121944672603
MICROCHIP_CIRCLE,group_mid_rank,0.0032508442415545113,0.0007222193908380547
OXYGEN_SHAKE_MINT,mid_centered,0.00320596293026222,0.00213598364084486
PANEL_1X4,group_mid_rank,0.0030883532506832613,0.0025311419527896824
SNACKPACK_STRAWBERRY,mid_centered,0.0030009893565790245,0.0026327616628660524
SNACKPACK_STRAWBERRY,group_mid_rank,0.0029363753547556447,0.0
PEBBLES_XL,group_mid_rank,0.0029011713416929835,0.0
TRANSLATOR_GRAPHITE_MIST,mid_centered,0.002834602223015485,0.0011122120817328599
GALAXY_SOUNDS_DARK_MATTER,group_mid_rank,0.0028259787795955533,0.0011804598444106883
MICROCHIP_OVAL,group_residual_z,0.0027987385287796037,0.0017551761591428163
PEBBLES_S,group_mid_rank,0.0027868371152633665,0.001362545005906906
SLEEP_POD_SUEDE,group_mid_rank,0.00271235367974988,0.0016054624835553524
OXYGEN_SHAKE_MINT,group_residual_z,0.002578823803174546,0.001987310217290852
ROBOT_DISHES,group_mid_rank,0.0025702030118872625,0.0008585290642372753
SNACKPACK_PISTACHIO,group_mid_rank,0.0019672122183519137,0.0
UV_VISOR_MAGENTA,group_mid_rank,0.001890967073049252,0.0007200890316438362
UV_VISOR_ORANGE,group_mid_rank,0.0018423894530708157,0.0003740259940366193
UV_VISOR_YELLOW,group_mid_rank,0.0017453083383988015,0.000798515918903976
ROBOT_IRONING,spread,0.0014863814017858597,0.00011446059096960765
PEBBLES_XL,spread,0.0014327432315706303,0.0
TRANSLATOR_VOID_BLUE,group_mid_rank,0.0011813243424152802,0.0
OXYGEN_SHAKE_EVENING_BREATH,group_mid_rank,0.001141202044224273,0.0008041953991390242
MICROCHIP_SQUARE,group_mid_rank,0.0010795623757970476,0.0
MICROCHIP_TRIANGLE,group_mid_rank,0.0010101012031868415,0.0
PEBBLES_XS,group_mid_rank,0.0007706406087169437,0.0
SLEEP_POD_NYLON,group_mid_rank,0.00048637605846895164,0.0
UV_VISOR_AMBER,spread,0.0004131928560714719,0.0
PEBBLES_XL,ret50,0.000348735332079917,0.00018581942817526555
SLEEP_POD_NYLON,ret50,0.0003464424514321609,0.00022692709954162758
MICROCHIP_CIRCLE,ret50,0.0003253178555162335,0.00022325917720306793
PANEL_1X4,ret50,0.00031681163023226407,0.00017077927177106615
TRANSLATOR_SPACE_GRAY,ret50,0.00030916670101089716,0.00022642286444048642
MICROCHIP_SQUARE,ret50,0.00030460684244510496,0.00024744467872822606
SLEEP_POD_LAMB_WOOL,ret50,0.00029508441550819424,0.0001971194804122529
PANEL_2X2,ret50,0.0002950750130589636,0.0001720342906007276
SNACKPACK_VANILLA,ret50,0.0002786715268715938,0.00017444424987948912
ROBOT_LAUNDRY,ret50,0.0002672706104715943,9.055118051841782e-05
SNACKPACK_CHOCOLATE,ret50,0.00025974279691413335,0.00014236453314279835
OXYGEN_SHAKE_GARLIC,ret50,0.00025974249025796566,0.0002233084894664566
MICROCHIP_RECTANGLE,ret50,0.0002594153924984901,0.00012051525050464853
PEBBLES_L,ret50,0.0002560700245330188,0.00020275212037986067
ROBOT_IRONING,ret50,0.0002558895805212164,0.00021263488603020907
MICROCHIP_OVAL,ret50,0.0002551006453510849,0.0002201606399374927
PANEL_4X4,ret50,0.0002535796107020288,0.00017508694755302926
UV_VISOR_AMBER,ret50,0.0002527620120415859,0.00013415606887633597
SNACKPACK_PISTACHIO,ret50,0.00024033038459474044,0.0001487697009141214
GALAXY_SOUNDS_SOLAR_FLAMES,ret50,0.00023769787741477076,0.00023388376133037095
OXYGEN_SHAKE_EVENING_BREATH,ret50,0.00023140938640555978,0.00018693524995092964
UV_VISOR_RED,ret50,0.000228904592432756,0.00020491154698678917
SLEEP_POD_COTTON,ret50,0.00022649971351304822,0.00013433282955944563
ROBOT_DISHES,ret50,0.00022568315194136776,0.0001881036454259425
OXYGEN_SHAKE_CHOCOLATE,ret50,0.0002230504145079622,0.00013874326395451995
OXYGEN_SHAKE_MORNING_BREATH,ret50,0.0002212366119079207,0.0001712098121776978
PANEL_2X4,ret50,0.00022121962193972158,0.00018580729237761292
PANEL_1X2,ret50,0.00022080023125880217,0.00013266083092392794
TRANSLATOR_GRAPHITE_MIST,ret50,0.00021153307849121512,0.00015210307944021266
UV_VISOR_MAGENTA,ret50,0.0002051797135130208,0.0001667078488388581
SLEEP_POD_POLYESTER,ret50,0.00020378268489519295,0.00012817646905628128
SLEEP_POD_SUEDE,ret50,0.00019966669567527784,0.00017065963400267586
TRANSLATOR_ECLIPSE_CHARCOAL,ret50,0.00019853550412741463,0.00015680194860525823
ROBOT_VACUUMING,ret50,0.00019804134064628447,0.00015608376713807255
TRANSLATOR_ASTRO_BLACK,ret50,0.00019598029543467524,7.605640271649991e-05
UV_VISOR_ORANGE,ret50,0.00019477859416883983,0.00010301907351640744
PEBBLES_M,ret50,0.00019316946231045194,0.00018771887445516002
UV_VISOR_YELLOW,ret50,0.00019013595332096256,0.00016716265889311585
OXYGEN_SHAKE_MINT,ret50,0.00018893586965645969,0.00010229108531079402
PEBBLES_M,spread,0.000188126239340029,0.0
PEBBLES_S,ret50,0.0001807305098608215,8.233323464650486e-05
MICROCHIP_TRIANGLE,ret50,0.00017821569080442344,0.00016730664920406593
GALAXY_SOUNDS_BLACK_HOLES,ret50,0.0001731106112591659,0.000125174576024082
GALAXY_SOUNDS_DARK_MATTER,ret50,0.00017146733254081467,0.0001211926176901918
ROBOT_MOPPING,ret50,0.0001704323288871764,8.627884960758129e-05
SNACKPACK_RASPBERRY,ret50,0.0001672096226472535,0.00013604497641787005
GALAXY_SOUNDS_PLANETARY_RINGS,ret50,0.00015516768395271665,0.00011780377460587163
PEBBLES_XS,ret50,0.00014372324625272644,0.00012002490696445981
GALAXY_SOUNDS_SOLAR_WINDS,ret50,0.00013217889248722523,8.186521436468402e-05
TRANSLATOR_VOID_BLUE,ret50,0.00013101073594580122,9.512479301187771e-05
PANEL_2X4,group_mid_rank,0.00012168171504928584,0.0
SNACKPACK_STRAWBERRY,ret50,9.271162755423632e-05,5.458469364709307e-05
OXYGEN_SHAKE_EVENING_BREATH,spread,8.53232006741832e-05,0.0
UV_VISOR_AMBER,group_mid_rank,4.574291098894355e-05,0.0
PANEL_1X2,spread,1.7738712151702567e-05,0.0
SLEEP_POD_COTTON,spread,1.549919105178946e-05,0.0
UV_VISOR_ORANGE,ret10,1.182351489304976e-05,2.0436001604272167e-06
PEBBLES_M,ret10,9.794572599907938e-06,0.0
GALAXY_SOUNDS_SOLAR_WINDS,ret10,9.290346771774743e-06,0.0
PANEL_1X2,ret10,8.622276871896713e-06,5.9176684060304534e-06
SNACKPACK_STRAWBERRY,ret10,8.139125876295008e-06,7.0007640152427406e-06
ROBOT_LAUNDRY,ret10,6.578641383928776e-06,3.70880795470393e-06
PANEL_2X2,ret10,5.040794039916128e-06,3.5678549707713883e-06
OXYGEN_SHAKE_MINT,ret10,4.849269519891315e-06,1.8714401451154536e-06
SNACKPACK_CHOCOLATE,ret10,4.640927619189903e-06,7.842781696647742e-07
MICROCHIP_CIRCLE,spread,4.402777337757683e-06,0.0
TRANSLATOR_VOID_BLUE,ret10,4.025626609675862e-06,0.0
PEBBLES_XL,ret10,3.923972517551489e-06,0.0
OXYGEN_SHAKE_CHOCOLATE,ret10,3.854466586374003e-06,0.0
ROBOT_MOPPING,ret10,3.765939313820158e-06,0.0
GALAXY_SOUNDS_DARK_MATTER,ret10,3.3637844262592805e-06,0.0
UV_VISOR_MAGENTA,ret10,3.064123590568331e-06,0.0
TRANSLATOR_SPACE_GRAY,ret10,2.998165173263012e-06,0.0
UV_VISOR_AMBER,ret10,2.8893501551022694e-06,0.0
TRANSLATOR_ECLIPSE_CHARCOAL,ret10,2.6942853059334144e-06,0.0
PANEL_4X4,ret10,2.5668338176676486e-06,0.0
MICROCHIP_RECTANGLE,ret10,2.4556780037170303e-06,1.5126997079028309e-06
MICROCHIP_SQUARE,ret10,2.3838811585662345e-06,0.0
OXYGEN_SHAKE_GARLIC,ret10,2.2988581774229785e-06,0.0
PEBBLES_S,ret10,2.283118226390834e-06,9.934210701897704e-07
GALAXY_SOUNDS_PLANETARY_RINGS,ret10,2.1817844997721135e-06,0.0
SNACKPACK_VANILLA,ret10,2.054834160620416e-06,0.0
SLEEP_POD_POLYESTER,ret10,1.8890893472243672e-06,0.0
OXYGEN_SHAKE_EVENING_BREATH,ret10,1.8881659650453415e-06,0.0
UV_VISOR_YELLOW,ret10,1.8861522937819972e-06,0.0
PEBBLES_L,ret10,1.8214878361067767e-06,0.0
PEBBLES_XS,ret10,1.5862379451335858e-06,0.0
SLEEP_POD_LAMB_WOOL,spread,1.3526072666904397e-06,0.0
GALAXY_SOUNDS_SOLAR_FLAMES,ret10,1.3419158217434028e-06,0.0
TRANSLATOR_ASTRO_BLACK,ret10,9.97700200686357e-07,0.0
ROBOT_VACUUMING,ret10,9.715887096911543e-07,0.0
PANEL_2X4,ret10,9.400788863063731e-07,0.0
SLEEP_POD_NYLON,ret10,9.08212137910803e-07,0.0
OXYGEN_SHAKE_MORNING_BREATH,ret10,8.178502813980914e-07,0.0
OXYGEN_SHAKE_MORNING_BREATH,ret1,7.50799072583666e-07,0.0
SLEEP_POD_POLYESTER,ret1,7.416708061686381e-07,0.0
TRANSLATOR_GRAPHITE_MIST,ret10,7.135559737329992e-07,0.0
MICROCHIP_CIRCLE,ret10,6.167018949500304e-07,0.0
TRANSLATOR_ASTRO_BLACK,ret1,4.83884812452896e-07,0.0
SLEEP_POD_COTTON,ret10,4.461431245277923e-07,0.0
MICROCHIP_SQUARE,spread,4.2580502569814973e-07,0.0
MICROCHIP_OVAL,ret10,4.0618604725322147e-07,0.0
SLEEP_POD_POLYESTER,spread,4.0523712878776537e-07,0.0
TRANSLATOR_ECLIPSE_CHARCOAL,ret1,3.90527409413159e-07,0.0
ROBOT_LAUNDRY,spread,3.676697467811417e-07,0.0
UV_VISOR_MAGENTA,ret1,3.4139523750899455e-07,0.0
SNACKPACK_PISTACHIO,ret10,3.357674486384737e-07,0.0
PEBBLES_XS,spread,3.3035093880965074e-07,0.0
SNACKPACK_PISTACHIO,spread,3.2043558987210884e-07,0.0
OXYGEN_SHAKE_MORNING_BREATH,spread,3.203930020993576e-07,0.0
SNACKPACK_STRAWBERRY,ret1,3.1206157403645423e-07,0.0
SLEEP_POD_SUEDE,ret1,2.99118100733701e-07,0.0
UV_VISOR_RED,ret10,2.9806890687556946e-07,0.0
MICROCHIP_CIRCLE,ret1,2.931401646849253e-07,0.0
OXYGEN_SHAKE_GARLIC,ret1,2.720855335549566e-07,0.0
SNACKPACK_RASPBERRY,ret10,2.4895701911716987e-07,0.0
UV_VISOR_RED,spread,2.486232184098868e-07,0.0
PANEL_1X2,ret1,2.437914784246499e-07,0.0
GALAXY_SOUNDS_DARK_MATTER,ret1,2.4132440827518247e-07,0.0
GALAXY_SOUNDS_PLANETARY_RINGS,spread,2.3992659424094677e-07,0.0
PANEL_1X4,ret10,2.296712595518229e-07,0.0
GALAXY_SOUNDS_BLACK_HOLES,ret10,2.24938656843185e-07,0.0
MICROCHIP_TRIANGLE,ret1,1.9865619813247522e-07,0.0
ROBOT_MOPPING,ret1,1.9260701122155286e-07,0.0
SLEEP_POD_NYLON,ret1,1.9223674866079228e-07,0.0
MICROCHIP_RECTANGLE,spread,1.8442000113819897e-07,0.0
TRANSLATOR_GRAPHITE_MIST,ret1,1.675765570228942e-07,0.0
PANEL_2X2,spread,1.6495655008238213e-07,0.0
GALAXY_SOUNDS_SOLAR_FLAMES,spread,1.5936534891332586e-07,0.0
SLEEP_POD_LAMB_WOOL,ret1,1.5391164523354823e-07,0.0
UV_VISOR_ORANGE,spread,1.505806026555159e-07,0.0
SLEEP_POD_COTTON,ret1,1.338591360942605e-07,0.0
GALAXY_SOUNDS_SOLAR_WINDS,spread,1.2116389006256647e-07,0.0
UV_VISOR_MAGENTA,spread,1.1736978225598674e-07,0.0
OXYGEN_SHAKE_MINT,spread,1.1639438251168748e-07,0.0
SNACKPACK_CHOCOLATE,ret1,1.1217959780789453e-07,0.0
GALAXY_SOUNDS_PLANETARY_RINGS,ret1,1.0817761718996326e-07,0.0
PANEL_1X4,spread,8.89913494264233e-08,0.0
SLEEP_POD_SUEDE,ret10,8.209792434422276e-08,0.0
TRANSLATOR_VOID_BLUE,ret1,8.09148366464265e-08,0.0
PEBBLES_L,ret1,7.688979760313461e-08,0.0
ROBOT_DISHES,spread,7.129681769830181e-08,0.0
TRANSLATOR_SPACE_GRAY,ret1,6.930196756802475e-08,0.0
SLEEP_POD_NYLON,spread,6.660645271787876e-08,0.0
PANEL_2X2,ret1,4.795155910521074e-08,0.0
GALAXY_SOUNDS_BLACK_HOLES,ret1,3.6498911657861065e-08,0.0
GALAXY_SOUNDS_SOLAR_FLAMES,ret1,2.8695082947519122e-08,0.0
SNACKPACK_RASPBERRY,ret1,2.675731670880624e-08,0.0
PEBBLES_S,ret1,1.8286197015693845e-08,0.0
OXYGEN_SHAKE_MINT,ret1,1.5830710459775507e-08,0.0
GALAXY_SOUNDS_BLACK_HOLES,imbalance1,0.0,0.0
GALAXY_SOUNDS_BLACK_HOLES,imbalance3,0.0,0.0
GALAXY_SOUNDS_BLACK_HOLES,micro_minus_mid,0.0,0.0
GALAXY_SOUNDS_BLACK_HOLES,spread,0.0,0.0
GALAXY_SOUNDS_DARK_MATTER,imbalance1,0.0,0.0
GALAXY_SOUNDS_DARK_MATTER,imbalance3,0.0,0.0
GALAXY_SOUNDS_DARK_MATTER,micro_minus_mid,0.0,0.0
GALAXY_SOUNDS_DARK_MATTER,spread,0.0,0.0
GALAXY_SOUNDS_PLANETARY_RINGS,imbalance1,0.0,0.0
GALAXY_SOUNDS_PLANETARY_RINGS,imbalance3,0.0,0.0
GALAXY_SOUNDS_PLANETARY_RINGS,micro_minus_mid,0.0,0.0
GALAXY_SOUNDS_SOLAR_FLAMES,imbalance1,0.0,0.0
GALAXY_SOUNDS_SOLAR_FLAMES,imbalance3,0.0,0.0
GALAXY_SOUNDS_SOLAR_FLAMES,micro_minus_mid,0.0,0.0
GALAXY_SOUNDS_SOLAR_WINDS,imbalance1,0.0,0.0
GALAXY_SOUNDS_SOLAR_WINDS,imbalance3,0.0,0.0
GALAXY_SOUNDS_SOLAR_WINDS,micro_minus_mid,0.0,0.0
GALAXY_SOUNDS_SOLAR_WINDS,ret1,0.0,0.0
MICROCHIP_CIRCLE,imbalance1,0.0,0.0
MICROCHIP_CIRCLE,imbalance3,0.0,0.0
MICROCHIP_CIRCLE,micro_minus_mid,0.0,0.0
MICROCHIP_OVAL,imbalance1,0.0,0.0
MICROCHIP_OVAL,imbalance3,0.0,0.0
MICROCHIP_OVAL,micro_minus_mid,0.0,0.0
MICROCHIP_OVAL,ret1,0.0,0.0
MICROCHIP_OVAL,spread,0.0,0.0
MICROCHIP_RECTANGLE,imbalance1,0.0,0.0
MICROCHIP_RECTANGLE,imbalance3,0.0,0.0
MICROCHIP_RECTANGLE,micro_minus_mid,0.0,0.0
MICROCHIP_RECTANGLE,ret1,0.0,0.0
MICROCHIP_SQUARE,imbalance1,0.0,0.0
MICROCHIP_SQUARE,imbalance3,0.0,0.0
MICROCHIP_SQUARE,micro_minus_mid,0.0,0.0
MICROCHIP_SQUARE,ret1,0.0,0.0
MICROCHIP_TRIANGLE,imbalance1,0.0,0.0
MICROCHIP_TRIANGLE,imbalance3,0.0,0.0
MICROCHIP_TRIANGLE,micro_minus_mid,0.0,0.0
MICROCHIP_TRIANGLE,ret10,0.0,0.0
MICROCHIP_TRIANGLE,spread,0.0,0.0
OXYGEN_SHAKE_CHOCOLATE,imbalance1,0.0,0.0
OXYGEN_SHAKE_CHOCOLATE,imbalance3,0.0,0.0
OXYGEN_SHAKE_CHOCOLATE,micro_minus_mid,0.0,0.0
OXYGEN_SHAKE_CHOCOLATE,ret1,0.0,0.0
OXYGEN_SHAKE_CHOCOLATE,spread,0.0,0.0
OXYGEN_SHAKE_EVENING_BREATH,imbalance1,0.0,0.0
OXYGEN_SHAKE_EVENING_BREATH,imbalance3,0.0,0.0
OXYGEN_SHAKE_EVENING_BREATH,micro_minus_mid,0.0,0.0
OXYGEN_SHAKE_EVENING_BREATH,ret1,0.0,0.0
OXYGEN_SHAKE_GARLIC,imbalance1,0.0,0.0
OXYGEN_SHAKE_GARLIC,imbalance3,0.0,0.0
OXYGEN_SHAKE_GARLIC,micro_minus_mid,0.0,0.0
OXYGEN_SHAKE_GARLIC,spread,0.0,0.0
OXYGEN_SHAKE_MINT,imbalance1,0.0,0.0
OXYGEN_SHAKE_MINT,imbalance3,0.0,0.0
OXYGEN_SHAKE_MINT,micro_minus_mid,0.0,0.0
OXYGEN_SHAKE_MORNING_BREATH,imbalance1,0.0,0.0
OXYGEN_SHAKE_MORNING_BREATH,imbalance3,0.0,0.0
OXYGEN_SHAKE_MORNING_BREATH,micro_minus_mid,0.0,0.0
PANEL_1X2,imbalance1,0.0,0.0
PANEL_1X2,imbalance3,0.0,0.0
PANEL_1X2,micro_minus_mid,0.0,0.0
PANEL_1X4,imbalance1,0.0,0.0
PANEL_1X4,imbalance3,0.0,0.0
PANEL_1X4,micro_minus_mid,0.0,0.0
PANEL_1X4,ret1,0.0,0.0
PANEL_2X2,imbalance1,0.0,0.0
PANEL_2X2,imbalance3,0.0,0.0
PANEL_2X2,micro_minus_mid,0.0,0.0
PANEL_2X4,imbalance1,0.0,0.0
PANEL_2X4,imbalance3,0.0,0.0
PANEL_2X4,micro_minus_mid,0.0,0.0
PANEL_2X4,ret1,0.0,0.0
PANEL_2X4,spread,0.0,0.0
PANEL_4X4,imbalance1,0.0,0.0
PANEL_4X4,imbalance3,0.0,0.0
PANEL_4X4,micro_minus_mid,0.0,0.0
PANEL_4X4,ret1,0.0,0.0
PANEL_4X4,spread,0.0,0.0
PEBBLES_L,imbalance1,0.0,0.0
PEBBLES_L,imbalance3,0.0,0.0
PEBBLES_L,micro_minus_mid,0.0,0.0
PEBBLES_L,spread,0.0,0.0
PEBBLES_M,imbalance1,0.0,0.0
PEBBLES_M,imbalance3,0.0,0.0
PEBBLES_M,micro_minus_mid,0.0,0.0
PEBBLES_M,ret1,0.0,0.0
PEBBLES_S,imbalance1,0.0,0.0
PEBBLES_S,imbalance3,0.0,0.0
PEBBLES_S,micro_minus_mid,0.0,0.0
PEBBLES_S,spread,0.0,0.0
PEBBLES_XL,imbalance1,0.0,0.0
PEBBLES_XL,imbalance3,0.0,0.0
PEBBLES_XL,micro_minus_mid,0.0,0.0
PEBBLES_XL,ret1,0.0,0.0
PEBBLES_XS,imbalance1,0.0,0.0
PEBBLES_XS,imbalance3,0.0,0.0
PEBBLES_XS,micro_minus_mid,0.0,0.0
PEBBLES_XS,ret1,0.0,0.0
ROBOT_DISHES,imbalance1,0.0,0.0
ROBOT_DISHES,imbalance3,0.0,0.0
ROBOT_DISHES,micro_minus_mid,0.0,0.0
ROBOT_DISHES,ret1,0.0,0.0
ROBOT_DISHES,ret10,0.0,0.0
ROBOT_IRONING,imbalance1,0.0,0.0
ROBOT_IRONING,imbalance3,0.0,0.0
ROBOT_IRONING,micro_minus_mid,0.0,0.0
ROBOT_IRONING,ret1,0.0,0.0
ROBOT_IRONING,ret10,0.0,0.0
ROBOT_LAUNDRY,imbalance1,0.0,0.0
ROBOT_LAUNDRY,imbalance3,0.0,0.0
ROBOT_LAUNDRY,micro_minus_mid,0.0,0.0
ROBOT_LAUNDRY,ret1,0.0,0.0
ROBOT_MOPPING,imbalance1,0.0,0.0
ROBOT_MOPPING,imbalance3,0.0,0.0
ROBOT_MOPPING,micro_minus_mid,0.0,0.0
ROBOT_MOPPING,spread,0.0,0.0
ROBOT_VACUUMING,imbalance1,0.0,0.0
ROBOT_VACUUMING,imbalance3,0.0,0.0
ROBOT_VACUUMING,micro_minus_mid,0.0,0.0
ROBOT_VACUUMING,ret1,0.0,0.0
ROBOT_VACUUMING,spread,0.0,0.0
SLEEP_POD_COTTON,imbalance1,0.0,0.0
SLEEP_POD_COTTON,imbalance3,0.0,0.0
SLEEP_POD_COTTON,micro_minus_mid,0.0,0.0
SLEEP_POD_LAMB_WOOL,imbalance1,0.0,0.0
SLEEP_POD_LAMB_WOOL,imbalance3,0.0,0.0
SLEEP_POD_LAMB_WOOL,micro_minus_mid,0.0,0.0
SLEEP_POD_LAMB_WOOL,ret10,0.0,0.0
SLEEP_POD_NYLON,imbalance1,0.0,0.0
SLEEP_POD_NYLON,imbalance3,0.0,0.0
SLEEP_POD_NYLON,micro_minus_mid,0.0,0.0
SLEEP_POD_POLYESTER,imbalance1,0.0,0.0
SLEEP_POD_POLYESTER,imbalance3,0.0,0.0
SLEEP_POD_POLYESTER,micro_minus_mid,0.0,0.0
SLEEP_POD_SUEDE,imbalance1,0.0,0.0
SLEEP_POD_SUEDE,imbalance3,0.0,0.0
SLEEP_POD_SUEDE,micro_minus_mid,0.0,0.0
SLEEP_POD_SUEDE,spread,0.0,0.0
SNACKPACK_CHOCOLATE,imbalance1,0.0,0.0
SNACKPACK_CHOCOLATE,imbalance3,0.0,0.0
SNACKPACK_CHOCOLATE,micro_minus_mid,0.0,0.0
SNACKPACK_CHOCOLATE,spread,0.0,0.0
SNACKPACK_PISTACHIO,imbalance1,0.0,0.0
SNACKPACK_PISTACHIO,imbalance3,0.0,0.0
SNACKPACK_PISTACHIO,micro_minus_mid,0.0,0.0
SNACKPACK_PISTACHIO,ret1,0.0,0.0
SNACKPACK_RASPBERRY,imbalance1,0.0,0.0
SNACKPACK_RASPBERRY,imbalance3,0.0,0.0
SNACKPACK_RASPBERRY,micro_minus_mid,0.0,0.0
SNACKPACK_RASPBERRY,spread,0.0,0.0
SNACKPACK_STRAWBERRY,imbalance1,0.0,0.0
SNACKPACK_STRAWBERRY,imbalance3,0.0,0.0
SNACKPACK_STRAWBERRY,micro_minus_mid,0.0,0.0
SNACKPACK_STRAWBERRY,spread,0.0,0.0
SNACKPACK_VANILLA,imbalance1,0.0,0.0
SNACKPACK_VANILLA,imbalance3,0.0,0.0
SNACKPACK_VANILLA,micro_minus_mid,0.0,0.0
SNACKPACK_VANILLA,ret1,0.0,0.0
SNACKPACK_VANILLA,spread,0.0,0.0
TRANSLATOR_ASTRO_BLACK,imbalance1,0.0,0.0
TRANSLATOR_ASTRO_BLACK,imbalance3,0.0,0.0
TRANSLATOR_ASTRO_BLACK,micro_minus_mid,0.0,0.0
TRANSLATOR_ASTRO_BLACK,spread,0.0,0.0
TRANSLATOR_ECLIPSE_CHARCOAL,imbalance1,0.0,0.0
TRANSLATOR_ECLIPSE_CHARCOAL,imbalance3,0.0,0.0
TRANSLATOR_ECLIPSE_CHARCOAL,micro_minus_mid,0.0,0.0
TRANSLATOR_ECLIPSE_CHARCOAL,spread,0.0,0.0
TRANSLATOR_GRAPHITE_MIST,imbalance1,0.0,0.0
TRANSLATOR_GRAPHITE_MIST,imbalance3,0.0,0.0
TRANSLATOR_GRAPHITE_MIST,micro_minus_mid,0.0,0.0
TRANSLATOR_GRAPHITE_MIST,spread,0.0,0.0
TRANSLATOR_SPACE_GRAY,imbalance1,0.0,0.0
TRANSLATOR_SPACE_GRAY,imbalance3,0.0,0.0
TRANSLATOR_SPACE_GRAY,micro_minus_mid,0.0,0.0
TRANSLATOR_SPACE_GRAY,spread,0.0,0.0
TRANSLATOR_VOID_BLUE,imbalance1,0.0,0.0
TRANSLATOR_VOID_BLUE,imbalance3,0.0,0.0
TRANSLATOR_VOID_BLUE,micro_minus_mid,0.0,0.0
TRANSLATOR_VOID_BLUE,spread,0.0,0.0
UV_VISOR_AMBER,imbalance1,0.0,0.0
UV_VISOR_AMBER,imbalance3,0.0,0.0
UV_VISOR_AMBER,micro_minus_mid,0.0,0.0
UV_VISOR_AMBER,ret1,0.0,0.0
UV_VISOR_MAGENTA,imbalance1,0.0,0.0
UV_VISOR_MAGENTA,imbalance3,0.0,0.0
UV_VISOR_MAGENTA,micro_minus_mid,0.0,0.0
UV_VISOR_ORANGE,imbalance1,0.0,0.0
UV_VISOR_ORANGE,imbalance3,0.0,0.0
UV_VISOR_ORANGE,micro_minus_mid,0.0,0.0
UV_VISOR_ORANGE,ret1,0.0,0.0
UV_VISOR_RED,imbalance1,0.0,0.0
UV_VISOR_RED,imbalance3,0.0,0.0
UV_VISOR_RED,micro_minus_mid,0.0,0.0
UV_VISOR_RED,ret1,0.0,0.0
UV_VISOR_YELLOW,imbalance1,0.0,0.0
UV_VISOR_YELLOW,imbalance3,0.0,0.0
UV_VISOR_YELLOW,micro_minus_mid,0.0,0.0
UV_VISOR_YELLOW,ret1,0.0,0.0
UV_VISOR_YELLOW,spread,0.0,0.0
