group,relation_type,coefficients,relation,z,threshold_points,horizon,trigger_n,trigger_pct,mean_reversion_points,good_pct
GALAXY_SOUNDS,best_integer,"2,-1,-2,-2,-1",2*GALAXY_SOUNDS_DARK_MATTER -1*GALAXY_SOUNDS_BLACK_HOLES -2*GALAXY_SOUNDS_PLANETARY_RINGS -2*GALAXY_SOUNDS_SOLAR_WINDS -1*GALAXY_SOUNDS_SOLAR_FLAMES,1.5,1610.6639483109059,1,4146,0.1382,1.6423058369512784,0.5190545103714423
GALAXY_SOUNDS,best_integer,"2,-1,-2,-2,-1",2*GALAXY_SOUNDS_DARK_MATTER -1*GALAXY_SOUNDS_BLACK_HOLES -2*GALAXY_SOUNDS_PLANETARY_RINGS -2*GALAXY_SOUNDS_SOLAR_WINDS -1*GALAXY_SOUNDS_SOLAR_FLAMES,1.5,1610.6639483109059,5,4138,0.13793333333333332,9.27126631222813,0.541082648622523
GALAXY_SOUNDS,best_integer,"2,-1,-2,-2,-1",2*GALAXY_SOUNDS_DARK_MATTER -1*GALAXY_SOUNDS_BLACK_HOLES -2*GALAXY_SOUNDS_PLANETARY_RINGS -2*GALAXY_SOUNDS_SOLAR_WINDS -1*GALAXY_SOUNDS_SOLAR_FLAMES,1.5,1610.6639483109059,20,4108,0.13693333333333332,34.10163096397274,0.574732229795521
GALAXY_SOUNDS,best_integer,"2,-1,-2,-2,-1",2*GALAXY_SOUNDS_DARK_MATTER -1*GALAXY_SOUNDS_BLACK_HOLES -2*GALAXY_SOUNDS_PLANETARY_RINGS -2*GALAXY_SOUNDS_SOLAR_WINDS -1*GALAXY_SOUNDS_SOLAR_FLAMES,1.5,1610.6639483109059,100,3948,0.1316,158.00899189463019,0.6537487335359676
GALAXY_SOUNDS,best_integer,"2,-1,-2,-2,-1",2*GALAXY_SOUNDS_DARK_MATTER -1*GALAXY_SOUNDS_BLACK_HOLES -2*GALAXY_SOUNDS_PLANETARY_RINGS -2*GALAXY_SOUNDS_SOLAR_WINDS -1*GALAXY_SOUNDS_SOLAR_FLAMES,2.0,2147.551931081208,1,783,0.0261,1.438058748403576,0.5197956577266922
GALAXY_SOUNDS,best_integer,"2,-1,-2,-2,-1",2*GALAXY_SOUNDS_DARK_MATTER -1*GALAXY_SOUNDS_BLACK_HOLES -2*GALAXY_SOUNDS_PLANETARY_RINGS -2*GALAXY_SOUNDS_SOLAR_WINDS -1*GALAXY_SOUNDS_SOLAR_FLAMES,2.0,2147.551931081208,5,779,0.025966666666666666,7.2586649550706035,0.5224646983311938
GALAXY_SOUNDS,best_integer,"2,-1,-2,-2,-1",2*GALAXY_SOUNDS_DARK_MATTER -1*GALAXY_SOUNDS_BLACK_HOLES -2*GALAXY_SOUNDS_PLANETARY_RINGS -2*GALAXY_SOUNDS_SOLAR_WINDS -1*GALAXY_SOUNDS_SOLAR_FLAMES,2.0,2147.551931081208,20,764,0.025466666666666665,24.270287958115183,0.5536649214659686
GALAXY_SOUNDS,best_integer,"2,-1,-2,-2,-1",2*GALAXY_SOUNDS_DARK_MATTER -1*GALAXY_SOUNDS_BLACK_HOLES -2*GALAXY_SOUNDS_PLANETARY_RINGS -2*GALAXY_SOUNDS_SOLAR_WINDS -1*GALAXY_SOUNDS_SOLAR_FLAMES,2.0,2147.551931081208,100,683,0.022766666666666668,203.41800878477306,0.6661786237188873
GALAXY_SOUNDS,best_integer,"2,-1,-2,-2,-1",2*GALAXY_SOUNDS_DARK_MATTER -1*GALAXY_SOUNDS_BLACK_HOLES -2*GALAXY_SOUNDS_PLANETARY_RINGS -2*GALAXY_SOUNDS_SOLAR_WINDS -1*GALAXY_SOUNDS_SOLAR_FLAMES,2.5,2684.43991385151,1,360,0.012,0.39305555555555555,0.49166666666666664
GALAXY_SOUNDS,best_integer,"2,-1,-2,-2,-1",2*GALAXY_SOUNDS_DARK_MATTER -1*GALAXY_SOUNDS_BLACK_HOLES -2*GALAXY_SOUNDS_PLANETARY_RINGS -2*GALAXY_SOUNDS_SOLAR_WINDS -1*GALAXY_SOUNDS_SOLAR_FLAMES,2.5,2684.43991385151,5,356,0.011866666666666666,-0.25280898876404495,0.5028089887640449
GALAXY_SOUNDS,best_integer,"2,-1,-2,-2,-1",2*GALAXY_SOUNDS_DARK_MATTER -1*GALAXY_SOUNDS_BLACK_HOLES -2*GALAXY_SOUNDS_PLANETARY_RINGS -2*GALAXY_SOUNDS_SOLAR_WINDS -1*GALAXY_SOUNDS_SOLAR_FLAMES,2.5,2684.43991385151,20,341,0.011366666666666667,3.909090909090909,0.5131964809384164
GALAXY_SOUNDS,best_integer,"2,-1,-2,-2,-1",2*GALAXY_SOUNDS_DARK_MATTER -1*GALAXY_SOUNDS_BLACK_HOLES -2*GALAXY_SOUNDS_PLANETARY_RINGS -2*GALAXY_SOUNDS_SOLAR_WINDS -1*GALAXY_SOUNDS_SOLAR_FLAMES,2.5,2684.43991385151,100,306,0.0102,249.7532679738562,0.6568627450980392
GALAXY_SOUNDS,best_integer,"2,-1,-2,-2,-1",2*GALAXY_SOUNDS_DARK_MATTER -1*GALAXY_SOUNDS_BLACK_HOLES -2*GALAXY_SOUNDS_PLANETARY_RINGS -2*GALAXY_SOUNDS_SOLAR_WINDS -1*GALAXY_SOUNDS_SOLAR_FLAMES,3.0,3221.3278966218118,1,0,0.0,0.0,0.0
GALAXY_SOUNDS,best_integer,"2,-1,-2,-2,-1",2*GALAXY_SOUNDS_DARK_MATTER -1*GALAXY_SOUNDS_BLACK_HOLES -2*GALAXY_SOUNDS_PLANETARY_RINGS -2*GALAXY_SOUNDS_SOLAR_WINDS -1*GALAXY_SOUNDS_SOLAR_FLAMES,3.0,3221.3278966218118,5,0,0.0,0.0,0.0
GALAXY_SOUNDS,best_integer,"2,-1,-2,-2,-1",2*GALAXY_SOUNDS_DARK_MATTER -1*GALAXY_SOUNDS_BLACK_HOLES -2*GALAXY_SOUNDS_PLANETARY_RINGS -2*GALAXY_SOUNDS_SOLAR_WINDS -1*GALAXY_SOUNDS_SOLAR_FLAMES,3.0,3221.3278966218118,20,0,0.0,0.0,0.0
GALAXY_SOUNDS,best_integer,"2,-1,-2,-2,-1",2*GALAXY_SOUNDS_DARK_MATTER -1*GALAXY_SOUNDS_BLACK_HOLES -2*GALAXY_SOUNDS_PLANETARY_RINGS -2*GALAXY_SOUNDS_SOLAR_WINDS -1*GALAXY_SOUNDS_SOLAR_FLAMES,3.0,3221.3278966218118,100,0,0.0,0.0,0.0
SLEEP_POD,best_integer,"1,1,-2,-2,1",1*SLEEP_POD_SUEDE +1*SLEEP_POD_LAMB_WOOL -2*SLEEP_POD_POLYESTER -2*SLEEP_POD_NYLON +1*SLEEP_POD_COTTON,1.5,1267.6723129219547,1,3947,0.13156666666666667,1.8582467696985052,0.5193818089688371
SLEEP_POD,best_integer,"1,1,-2,-2,1",1*SLEEP_POD_SUEDE +1*SLEEP_POD_LAMB_WOOL -2*SLEEP_POD_POLYESTER -2*SLEEP_POD_NYLON +1*SLEEP_POD_COTTON,1.5,1267.6723129219547,5,3943,0.13143333333333335,9.925817905148364,0.5407050469185899
SLEEP_POD,best_integer,"1,1,-2,-2,1",1*SLEEP_POD_SUEDE +1*SLEEP_POD_LAMB_WOOL -2*SLEEP_POD_POLYESTER -2*SLEEP_POD_NYLON +1*SLEEP_POD_COTTON,1.5,1267.6723129219547,20,3932,0.13106666666666666,39.28700406917599,0.5928280773143438
SLEEP_POD,best_integer,"1,1,-2,-2,1",1*SLEEP_POD_SUEDE +1*SLEEP_POD_LAMB_WOOL -2*SLEEP_POD_POLYESTER -2*SLEEP_POD_NYLON +1*SLEEP_POD_COTTON,1.5,1267.6723129219547,100,3922,0.13073333333333334,186.94683834778175,0.7121366649668537
SLEEP_POD,best_integer,"1,1,-2,-2,1",1*SLEEP_POD_SUEDE +1*SLEEP_POD_LAMB_WOOL -2*SLEEP_POD_POLYESTER -2*SLEEP_POD_NYLON +1*SLEEP_POD_COTTON,2.0,1690.2297505626063,1,1011,0.0337,2.1330365974282888,0.5113748763600395
SLEEP_POD,best_integer,"1,1,-2,-2,1",1*SLEEP_POD_SUEDE +1*SLEEP_POD_LAMB_WOOL -2*SLEEP_POD_POLYESTER -2*SLEEP_POD_NYLON +1*SLEEP_POD_COTTON,2.0,1690.2297505626063,5,1011,0.0337,12.042037586547972,0.552917903066271
SLEEP_POD,best_integer,"1,1,-2,-2,1",1*SLEEP_POD_SUEDE +1*SLEEP_POD_LAMB_WOOL -2*SLEEP_POD_POLYESTER -2*SLEEP_POD_NYLON +1*SLEEP_POD_COTTON,2.0,1690.2297505626063,20,1011,0.0337,54.6973293768546,0.6181998021760633
SLEEP_POD,best_integer,"1,1,-2,-2,1",1*SLEEP_POD_SUEDE +1*SLEEP_POD_LAMB_WOOL -2*SLEEP_POD_POLYESTER -2*SLEEP_POD_NYLON +1*SLEEP_POD_COTTON,2.0,1690.2297505626063,100,1011,0.0337,244.6186943620178,0.7309594460929772
SLEEP_POD,best_integer,"1,1,-2,-2,1",1*SLEEP_POD_SUEDE +1*SLEEP_POD_LAMB_WOOL -2*SLEEP_POD_POLYESTER -2*SLEEP_POD_NYLON +1*SLEEP_POD_COTTON,2.5,2112.7871882032578,1,219,0.0073,2.132420091324201,0.5159817351598174
SLEEP_POD,best_integer,"1,1,-2,-2,1",1*SLEEP_POD_SUEDE +1*SLEEP_POD_LAMB_WOOL -2*SLEEP_POD_POLYESTER -2*SLEEP_POD_NYLON +1*SLEEP_POD_COTTON,2.5,2112.7871882032578,5,219,0.0073,13.429223744292237,0.589041095890411
SLEEP_POD,best_integer,"1,1,-2,-2,1",1*SLEEP_POD_SUEDE +1*SLEEP_POD_LAMB_WOOL -2*SLEEP_POD_POLYESTER -2*SLEEP_POD_NYLON +1*SLEEP_POD_COTTON,2.5,2112.7871882032578,20,219,0.0073,63.538812785388124,0.6255707762557078
SLEEP_POD,best_integer,"1,1,-2,-2,1",1*SLEEP_POD_SUEDE +1*SLEEP_POD_LAMB_WOOL -2*SLEEP_POD_POLYESTER -2*SLEEP_POD_NYLON +1*SLEEP_POD_COTTON,2.5,2112.7871882032578,100,219,0.0073,326.45205479452056,0.7397260273972602
SLEEP_POD,best_integer,"1,1,-2,-2,1",1*SLEEP_POD_SUEDE +1*SLEEP_POD_LAMB_WOOL -2*SLEEP_POD_POLYESTER -2*SLEEP_POD_NYLON +1*SLEEP_POD_COTTON,3.0,2535.3446258439094,1,33,0.0011,7.606060606060606,0.5454545454545454
SLEEP_POD,best_integer,"1,1,-2,-2,1",1*SLEEP_POD_SUEDE +1*SLEEP_POD_LAMB_WOOL -2*SLEEP_POD_POLYESTER -2*SLEEP_POD_NYLON +1*SLEEP_POD_COTTON,3.0,2535.3446258439094,5,33,0.0011,40.13636363636363,0.7878787878787878
SLEEP_POD,best_integer,"1,1,-2,-2,1",1*SLEEP_POD_SUEDE +1*SLEEP_POD_LAMB_WOOL -2*SLEEP_POD_POLYESTER -2*SLEEP_POD_NYLON +1*SLEEP_POD_COTTON,3.0,2535.3446258439094,20,33,0.0011,125.15151515151516,0.8181818181818182
SLEEP_POD,best_integer,"1,1,-2,-2,1",1*SLEEP_POD_SUEDE +1*SLEEP_POD_LAMB_WOOL -2*SLEEP_POD_POLYESTER -2*SLEEP_POD_NYLON +1*SLEEP_POD_COTTON,3.0,2535.3446258439094,100,33,0.0011,703.3787878787879,1.0
MICROCHIP,best_integer,"1,-1,1,2,2",1*MICROCHIP_CIRCLE -1*MICROCHIP_OVAL +1*MICROCHIP_SQUARE +2*MICROCHIP_RECTANGLE +2*MICROCHIP_TRIANGLE,1.5,1334.3591869956358,1,4468,0.14893333333333333,2.0174574753804833,0.5232766338406446
MICROCHIP,best_integer,"1,-1,1,2,2",1*MICROCHIP_CIRCLE -1*MICROCHIP_OVAL +1*MICROCHIP_SQUARE +2*MICROCHIP_RECTANGLE +2*MICROCHIP_TRIANGLE,1.5,1334.3591869956358,5,4460,0.14866666666666667,10.207959641255606,0.5396860986547085
MICROCHIP,best_integer,"1,-1,1,2,2",1*MICROCHIP_CIRCLE -1*MICROCHIP_OVAL +1*MICROCHIP_SQUARE +2*MICROCHIP_RECTANGLE +2*MICROCHIP_TRIANGLE,1.5,1334.3591869956358,20,4437,0.1479,38.12857786792878,0.5762902862294343
MICROCHIP,best_integer,"1,-1,1,2,2",1*MICROCHIP_CIRCLE -1*MICROCHIP_OVAL +1*MICROCHIP_SQUARE +2*MICROCHIP_RECTANGLE +2*MICROCHIP_TRIANGLE,1.5,1334.3591869956358,100,4357,0.14523333333333333,199.34519164562772,0.6731696121184301
MICROCHIP,best_integer,"1,-1,1,2,2",1*MICROCHIP_CIRCLE -1*MICROCHIP_OVAL +1*MICROCHIP_SQUARE +2*MICROCHIP_RECTANGLE +2*MICROCHIP_TRIANGLE,2.0,1779.1455826608476,1,1534,0.051133333333333336,2.3702737940026077,0.5104302477183833
MICROCHIP,best_integer,"1,-1,1,2,2",1*MICROCHIP_CIRCLE -1*MICROCHIP_OVAL +1*MICROCHIP_SQUARE +2*MICROCHIP_RECTANGLE +2*MICROCHIP_TRIANGLE,2.0,1779.1455826608476,5,1530,0.051,13.168300653594772,0.5516339869281046
MICROCHIP,best_integer,"1,-1,1,2,2",1*MICROCHIP_CIRCLE -1*MICROCHIP_OVAL +1*MICROCHIP_SQUARE +2*MICROCHIP_RECTANGLE +2*MICROCHIP_TRIANGLE,2.0,1779.1455826608476,20,1515,0.0505,59.43960396039604,0.5973597359735974
MICROCHIP,best_integer,"1,-1,1,2,2",1*MICROCHIP_CIRCLE -1*MICROCHIP_OVAL +1*MICROCHIP_SQUARE +2*MICROCHIP_RECTANGLE +2*MICROCHIP_TRIANGLE,2.0,1779.1455826608476,100,1463,0.048766666666666666,393.0416951469583,0.7983595352016405
MICROCHIP,best_integer,"1,-1,1,2,2",1*MICROCHIP_CIRCLE -1*MICROCHIP_OVAL +1*MICROCHIP_SQUARE +2*MICROCHIP_RECTANGLE +2*MICROCHIP_TRIANGLE,2.5,2223.9319783260594,1,365,0.012166666666666666,4.882191780821918,0.5123287671232877
MICROCHIP,best_integer,"1,-1,1,2,2",1*MICROCHIP_CIRCLE -1*MICROCHIP_OVAL +1*MICROCHIP_SQUARE +2*MICROCHIP_RECTANGLE +2*MICROCHIP_TRIANGLE,2.5,2223.9319783260594,5,365,0.012166666666666666,24.578082191780823,0.6136986301369863
MICROCHIP,best_integer,"1,-1,1,2,2",1*MICROCHIP_CIRCLE -1*MICROCHIP_OVAL +1*MICROCHIP_SQUARE +2*MICROCHIP_RECTANGLE +2*MICROCHIP_TRIANGLE,2.5,2223.9319783260594,20,365,0.012166666666666666,112.83150684931506,0.7534246575342466
MICROCHIP,best_integer,"1,-1,1,2,2",1*MICROCHIP_CIRCLE -1*MICROCHIP_OVAL +1*MICROCHIP_SQUARE +2*MICROCHIP_RECTANGLE +2*MICROCHIP_TRIANGLE,2.5,2223.9319783260594,100,365,0.012166666666666666,613.5164383561644,0.9671232876712329
MICROCHIP,best_integer,"1,-1,1,2,2",1*MICROCHIP_CIRCLE -1*MICROCHIP_OVAL +1*MICROCHIP_SQUARE +2*MICROCHIP_RECTANGLE +2*MICROCHIP_TRIANGLE,3.0,2668.7183739912716,1,0,0.0,0.0,0.0
MICROCHIP,best_integer,"1,-1,1,2,2",1*MICROCHIP_CIRCLE -1*MICROCHIP_OVAL +1*MICROCHIP_SQUARE +2*MICROCHIP_RECTANGLE +2*MICROCHIP_TRIANGLE,3.0,2668.7183739912716,5,0,0.0,0.0,0.0
MICROCHIP,best_integer,"1,-1,1,2,2",1*MICROCHIP_CIRCLE -1*MICROCHIP_OVAL +1*MICROCHIP_SQUARE +2*MICROCHIP_RECTANGLE +2*MICROCHIP_TRIANGLE,3.0,2668.7183739912716,20,0,0.0,0.0,0.0
MICROCHIP,best_integer,"1,-1,1,2,2",1*MICROCHIP_CIRCLE -1*MICROCHIP_OVAL +1*MICROCHIP_SQUARE +2*MICROCHIP_RECTANGLE +2*MICROCHIP_TRIANGLE,3.0,2668.7183739912716,100,0,0.0,0.0,0.0
PEBBLES,best_integer,"1,1,1,1,1",1*PEBBLES_XS +1*PEBBLES_S +1*PEBBLES_M +1*PEBBLES_L +1*PEBBLES_XL,1.5,4.19749036069471,1,853,0.028433333333333335,16.096717467760843,0.9859320046893317
PEBBLES,best_integer,"1,1,1,1,1",1*PEBBLES_XS +1*PEBBLES_S +1*PEBBLES_M +1*PEBBLES_L +1*PEBBLES_XL,1.5,4.19749036069471,5,853,0.028433333333333335,16.32356389214537,0.9953106682297772
PEBBLES,best_integer,"1,1,1,1,1",1*PEBBLES_XS +1*PEBBLES_S +1*PEBBLES_M +1*PEBBLES_L +1*PEBBLES_XL,1.5,4.19749036069471,20,853,0.028433333333333335,16.577960140679952,0.9964830011723329
PEBBLES,best_integer,"1,1,1,1,1",1*PEBBLES_XS +1*PEBBLES_S +1*PEBBLES_M +1*PEBBLES_L +1*PEBBLES_XL,1.5,4.19749036069471,100,849,0.0283,16.262073027090693,0.9905771495877503
PEBBLES,best_integer,"1,1,1,1,1",1*PEBBLES_XS +1*PEBBLES_S +1*PEBBLES_M +1*PEBBLES_L +1*PEBBLES_XL,2.0,5.5966538142596125,1,853,0.028433333333333335,16.096717467760843,0.9859320046893317
PEBBLES,best_integer,"1,1,1,1,1",1*PEBBLES_XS +1*PEBBLES_S +1*PEBBLES_M +1*PEBBLES_L +1*PEBBLES_XL,2.0,5.5966538142596125,5,853,0.028433333333333335,16.32356389214537,0.9953106682297772
PEBBLES,best_integer,"1,1,1,1,1",1*PEBBLES_XS +1*PEBBLES_S +1*PEBBLES_M +1*PEBBLES_L +1*PEBBLES_XL,2.0,5.5966538142596125,20,853,0.028433333333333335,16.577960140679952,0.9964830011723329
PEBBLES,best_integer,"1,1,1,1,1",1*PEBBLES_XS +1*PEBBLES_S +1*PEBBLES_M +1*PEBBLES_L +1*PEBBLES_XL,2.0,5.5966538142596125,100,849,0.0283,16.262073027090693,0.9905771495877503
PEBBLES,best_integer,"1,1,1,1,1",1*PEBBLES_XS +1*PEBBLES_S +1*PEBBLES_M +1*PEBBLES_L +1*PEBBLES_XL,2.5,6.995817267824515,1,853,0.028433333333333335,16.096717467760843,0.9859320046893317
PEBBLES,best_integer,"1,1,1,1,1",1*PEBBLES_XS +1*PEBBLES_S +1*PEBBLES_M +1*PEBBLES_L +1*PEBBLES_XL,2.5,6.995817267824515,5,853,0.028433333333333335,16.32356389214537,0.9953106682297772
PEBBLES,best_integer,"1,1,1,1,1",1*PEBBLES_XS +1*PEBBLES_S +1*PEBBLES_M +1*PEBBLES_L +1*PEBBLES_XL,2.5,6.995817267824515,20,853,0.028433333333333335,16.577960140679952,0.9964830011723329
PEBBLES,best_integer,"1,1,1,1,1",1*PEBBLES_XS +1*PEBBLES_S +1*PEBBLES_M +1*PEBBLES_L +1*PEBBLES_XL,2.5,6.995817267824515,100,849,0.0283,16.262073027090693,0.9905771495877503
PEBBLES,best_integer,"1,1,1,1,1",1*PEBBLES_XS +1*PEBBLES_S +1*PEBBLES_M +1*PEBBLES_L +1*PEBBLES_XL,3.0,8.39498072138942,1,853,0.028433333333333335,16.096717467760843,0.9859320046893317
PEBBLES,best_integer,"1,1,1,1,1",1*PEBBLES_XS +1*PEBBLES_S +1*PEBBLES_M +1*PEBBLES_L +1*PEBBLES_XL,3.0,8.39498072138942,5,853,0.028433333333333335,16.32356389214537,0.9953106682297772
PEBBLES,best_integer,"1,1,1,1,1",1*PEBBLES_XS +1*PEBBLES_S +1*PEBBLES_M +1*PEBBLES_L +1*PEBBLES_XL,3.0,8.39498072138942,20,853,0.028433333333333335,16.577960140679952,0.9964830011723329
PEBBLES,best_integer,"1,1,1,1,1",1*PEBBLES_XS +1*PEBBLES_S +1*PEBBLES_M +1*PEBBLES_L +1*PEBBLES_XL,3.0,8.39498072138942,100,849,0.0283,16.262073027090693,0.9905771495877503
ROBOT,best_integer,"1,-1,-1,-2,-1",1*ROBOT_VACUUMING -1*ROBOT_MOPPING -1*ROBOT_DISHES -2*ROBOT_LAUNDRY -1*ROBOT_IRONING,1.5,755.0227417295955,1,4110,0.137,2.2265206812652067,0.5313868613138686
ROBOT,best_integer,"1,-1,-1,-2,-1",1*ROBOT_VACUUMING -1*ROBOT_MOPPING -1*ROBOT_DISHES -2*ROBOT_LAUNDRY -1*ROBOT_IRONING,1.5,755.0227417295955,5,4102,0.13673333333333335,8.981350560702097,0.5546075085324232
ROBOT,best_integer,"1,-1,-1,-2,-1",1*ROBOT_VACUUMING -1*ROBOT_MOPPING -1*ROBOT_DISHES -2*ROBOT_LAUNDRY -1*ROBOT_IRONING,1.5,755.0227417295955,20,4072,0.13573333333333334,36.300712180746565,0.6191060903732809
ROBOT,best_integer,"1,-1,-1,-2,-1",1*ROBOT_VACUUMING -1*ROBOT_MOPPING -1*ROBOT_DISHES -2*ROBOT_LAUNDRY -1*ROBOT_IRONING,1.5,755.0227417295955,100,3913,0.13043333333333335,180.75760286225403,0.7306414515716841
ROBOT,best_integer,"1,-1,-1,-2,-1",1*ROBOT_VACUUMING -1*ROBOT_MOPPING -1*ROBOT_DISHES -2*ROBOT_LAUNDRY -1*ROBOT_IRONING,2.0,1006.6969889727941,1,1098,0.0366,2.4275956284153004,0.5373406193078324
ROBOT,best_integer,"1,-1,-1,-2,-1",1*ROBOT_VACUUMING -1*ROBOT_MOPPING -1*ROBOT_DISHES -2*ROBOT_LAUNDRY -1*ROBOT_IRONING,2.0,1006.6969889727941,5,1094,0.03646666666666667,13.627970749542962,0.5740402193784278
ROBOT,best_integer,"1,-1,-1,-2,-1",1*ROBOT_VACUUMING -1*ROBOT_MOPPING -1*ROBOT_DISHES -2*ROBOT_LAUNDRY -1*ROBOT_IRONING,2.0,1006.6969889727941,20,1079,0.03596666666666667,53.37812789620018,0.6302131603336423
ROBOT,best_integer,"1,-1,-1,-2,-1",1*ROBOT_VACUUMING -1*ROBOT_MOPPING -1*ROBOT_DISHES -2*ROBOT_LAUNDRY -1*ROBOT_IRONING,2.0,1006.6969889727941,100,1057,0.03523333333333333,287.97445600756856,0.8921475875118259
ROBOT,best_integer,"1,-1,-1,-2,-1",1*ROBOT_VACUUMING -1*ROBOT_MOPPING -1*ROBOT_DISHES -2*ROBOT_LAUNDRY -1*ROBOT_IRONING,2.5,1258.3712362159927,1,151,0.005033333333333333,4.082781456953643,0.5695364238410596
ROBOT,best_integer,"1,-1,-1,-2,-1",1*ROBOT_VACUUMING -1*ROBOT_MOPPING -1*ROBOT_DISHES -2*ROBOT_LAUNDRY -1*ROBOT_IRONING,2.5,1258.3712362159927,5,151,0.005033333333333333,21.076158940397352,0.5960264900662252
ROBOT,best_integer,"1,-1,-1,-2,-1",1*ROBOT_VACUUMING -1*ROBOT_MOPPING -1*ROBOT_DISHES -2*ROBOT_LAUNDRY -1*ROBOT_IRONING,2.5,1258.3712362159927,20,151,0.005033333333333333,72.22185430463576,0.6688741721854304
ROBOT,best_integer,"1,-1,-1,-2,-1",1*ROBOT_VACUUMING -1*ROBOT_MOPPING -1*ROBOT_DISHES -2*ROBOT_LAUNDRY -1*ROBOT_IRONING,2.5,1258.3712362159927,100,151,0.005033333333333333,348.6158940397351,0.9072847682119205
ROBOT,best_integer,"1,-1,-1,-2,-1",1*ROBOT_VACUUMING -1*ROBOT_MOPPING -1*ROBOT_DISHES -2*ROBOT_LAUNDRY -1*ROBOT_IRONING,3.0,1510.045483459191,1,0,0.0,0.0,0.0
ROBOT,best_integer,"1,-1,-1,-2,-1",1*ROBOT_VACUUMING -1*ROBOT_MOPPING -1*ROBOT_DISHES -2*ROBOT_LAUNDRY -1*ROBOT_IRONING,3.0,1510.045483459191,5,0,0.0,0.0,0.0
ROBOT,best_integer,"1,-1,-1,-2,-1",1*ROBOT_VACUUMING -1*ROBOT_MOPPING -1*ROBOT_DISHES -2*ROBOT_LAUNDRY -1*ROBOT_IRONING,3.0,1510.045483459191,20,0,0.0,0.0,0.0
ROBOT,best_integer,"1,-1,-1,-2,-1",1*ROBOT_VACUUMING -1*ROBOT_MOPPING -1*ROBOT_DISHES -2*ROBOT_LAUNDRY -1*ROBOT_IRONING,3.0,1510.045483459191,100,0,0.0,0.0,0.0
UV_VISOR,best_integer,"1,2,1,2,1",1*UV_VISOR_YELLOW +2*UV_VISOR_AMBER +1*UV_VISOR_ORANGE +2*UV_VISOR_RED +1*UV_VISOR_MAGENTA,1.5,1013.4928177340818,1,3908,0.13026666666666667,1.4600818833162743,0.5168884339815762
UV_VISOR,best_integer,"1,2,1,2,1",1*UV_VISOR_YELLOW +2*UV_VISOR_AMBER +1*UV_VISOR_ORANGE +2*UV_VISOR_RED +1*UV_VISOR_MAGENTA,1.5,1013.4928177340818,5,3904,0.13013333333333332,6.87999487704918,0.5356045081967213
UV_VISOR,best_integer,"1,2,1,2,1",1*UV_VISOR_YELLOW +2*UV_VISOR_AMBER +1*UV_VISOR_ORANGE +2*UV_VISOR_RED +1*UV_VISOR_MAGENTA,1.5,1013.4928177340818,20,3889,0.12963333333333332,27.842247364361018,0.5692980200565698
UV_VISOR,best_integer,"1,2,1,2,1",1*UV_VISOR_YELLOW +2*UV_VISOR_AMBER +1*UV_VISOR_ORANGE +2*UV_VISOR_RED +1*UV_VISOR_MAGENTA,1.5,1013.4928177340818,100,3809,0.12696666666666667,153.99461800997636,0.6883696508269888
UV_VISOR,best_integer,"1,2,1,2,1",1*UV_VISOR_YELLOW +2*UV_VISOR_AMBER +1*UV_VISOR_ORANGE +2*UV_VISOR_RED +1*UV_VISOR_MAGENTA,2.0,1351.3237569787757,1,1556,0.051866666666666665,1.5112467866323906,0.5179948586118251
UV_VISOR,best_integer,"1,2,1,2,1",1*UV_VISOR_YELLOW +2*UV_VISOR_AMBER +1*UV_VISOR_ORANGE +2*UV_VISOR_RED +1*UV_VISOR_MAGENTA,2.0,1351.3237569787757,5,1552,0.05173333333333333,8.302512886597938,0.5463917525773195
UV_VISOR,best_integer,"1,2,1,2,1",1*UV_VISOR_YELLOW +2*UV_VISOR_AMBER +1*UV_VISOR_ORANGE +2*UV_VISOR_RED +1*UV_VISOR_MAGENTA,2.0,1351.3237569787757,20,1537,0.05123333333333333,35.22999349381913,0.5810019518542615
UV_VISOR,best_integer,"1,2,1,2,1",1*UV_VISOR_YELLOW +2*UV_VISOR_AMBER +1*UV_VISOR_ORANGE +2*UV_VISOR_RED +1*UV_VISOR_MAGENTA,2.0,1351.3237569787757,100,1461,0.0487,187.90691307323752,0.728952772073922
UV_VISOR,best_integer,"1,2,1,2,1",1*UV_VISOR_YELLOW +2*UV_VISOR_AMBER +1*UV_VISOR_ORANGE +2*UV_VISOR_RED +1*UV_VISOR_MAGENTA,2.5,1689.1546962234697,1,582,0.0194,1.6632302405498283,0.506872852233677
UV_VISOR,best_integer,"1,2,1,2,1",1*UV_VISOR_YELLOW +2*UV_VISOR_AMBER +1*UV_VISOR_ORANGE +2*UV_VISOR_RED +1*UV_VISOR_MAGENTA,2.5,1689.1546962234697,5,578,0.019266666666666668,5.804498269896194,0.5397923875432526
UV_VISOR,best_integer,"1,2,1,2,1",1*UV_VISOR_YELLOW +2*UV_VISOR_AMBER +1*UV_VISOR_ORANGE +2*UV_VISOR_RED +1*UV_VISOR_MAGENTA,2.5,1689.1546962234697,20,572,0.019066666666666666,31.868006993006993,0.5874125874125874
UV_VISOR,best_integer,"1,2,1,2,1",1*UV_VISOR_YELLOW +2*UV_VISOR_AMBER +1*UV_VISOR_ORANGE +2*UV_VISOR_RED +1*UV_VISOR_MAGENTA,2.5,1689.1546962234697,100,572,0.019066666666666666,208.86013986013987,0.7377622377622378
UV_VISOR,best_integer,"1,2,1,2,1",1*UV_VISOR_YELLOW +2*UV_VISOR_AMBER +1*UV_VISOR_ORANGE +2*UV_VISOR_RED +1*UV_VISOR_MAGENTA,3.0,2026.9856354681635,1,99,0.0033,5.308080808080808,0.5555555555555556
UV_VISOR,best_integer,"1,2,1,2,1",1*UV_VISOR_YELLOW +2*UV_VISOR_AMBER +1*UV_VISOR_ORANGE +2*UV_VISOR_RED +1*UV_VISOR_MAGENTA,3.0,2026.9856354681635,5,99,0.0033,28.964646464646464,0.6767676767676768
UV_VISOR,best_integer,"1,2,1,2,1",1*UV_VISOR_YELLOW +2*UV_VISOR_AMBER +1*UV_VISOR_ORANGE +2*UV_VISOR_RED +1*UV_VISOR_MAGENTA,3.0,2026.9856354681635,20,99,0.0033,81.70707070707071,0.6464646464646465
UV_VISOR,best_integer,"1,2,1,2,1",1*UV_VISOR_YELLOW +2*UV_VISOR_AMBER +1*UV_VISOR_ORANGE +2*UV_VISOR_RED +1*UV_VISOR_MAGENTA,3.0,2026.9856354681635,100,99,0.0033,351.47474747474746,0.9797979797979798
TRANSLATOR,best_integer,"1,1,1,-2,-2",1*TRANSLATOR_SPACE_GRAY +1*TRANSLATOR_ASTRO_BLACK +1*TRANSLATOR_ECLIPSE_CHARCOAL -2*TRANSLATOR_GRAPHITE_MIST -2*TRANSLATOR_VOID_BLUE,1.5,923.2626764790891,1,3329,0.11096666666666667,2.1039351156503456,0.5292880744968459
TRANSLATOR,best_integer,"1,1,1,-2,-2",1*TRANSLATOR_SPACE_GRAY +1*TRANSLATOR_ASTRO_BLACK +1*TRANSLATOR_ECLIPSE_CHARCOAL -2*TRANSLATOR_GRAPHITE_MIST -2*TRANSLATOR_VOID_BLUE,1.5,923.2626764790891,5,3327,0.1109,10.48887886985272,0.5512473700030057
TRANSLATOR,best_integer,"1,1,1,-2,-2",1*TRANSLATOR_SPACE_GRAY +1*TRANSLATOR_ASTRO_BLACK +1*TRANSLATOR_ECLIPSE_CHARCOAL -2*TRANSLATOR_GRAPHITE_MIST -2*TRANSLATOR_VOID_BLUE,1.5,923.2626764790891,20,3312,0.1104,45.04136473429951,0.6210748792270532
TRANSLATOR,best_integer,"1,1,1,-2,-2",1*TRANSLATOR_SPACE_GRAY +1*TRANSLATOR_ASTRO_BLACK +1*TRANSLATOR_ECLIPSE_CHARCOAL -2*TRANSLATOR_GRAPHITE_MIST -2*TRANSLATOR_VOID_BLUE,1.5,923.2626764790891,100,3261,0.1087,232.17433302667894,0.7847286108555658
TRANSLATOR,best_integer,"1,1,1,-2,-2",1*TRANSLATOR_SPACE_GRAY +1*TRANSLATOR_ASTRO_BLACK +1*TRANSLATOR_ECLIPSE_CHARCOAL -2*TRANSLATOR_GRAPHITE_MIST -2*TRANSLATOR_VOID_BLUE,2.0,1231.0169019721188,1,1576,0.052533333333333335,2.0431472081218276,0.5266497461928934
TRANSLATOR,best_integer,"1,1,1,-2,-2",1*TRANSLATOR_SPACE_GRAY +1*TRANSLATOR_ASTRO_BLACK +1*TRANSLATOR_ECLIPSE_CHARCOAL -2*TRANSLATOR_GRAPHITE_MIST -2*TRANSLATOR_VOID_BLUE,2.0,1231.0169019721188,5,1576,0.052533333333333335,10.811548223350254,0.5513959390862944
TRANSLATOR,best_integer,"1,1,1,-2,-2",1*TRANSLATOR_SPACE_GRAY +1*TRANSLATOR_ASTRO_BLACK +1*TRANSLATOR_ECLIPSE_CHARCOAL -2*TRANSLATOR_GRAPHITE_MIST -2*TRANSLATOR_VOID_BLUE,2.0,1231.0169019721188,20,1576,0.052533333333333335,49.036484771573605,0.6288071065989848
TRANSLATOR,best_integer,"1,1,1,-2,-2",1*TRANSLATOR_SPACE_GRAY +1*TRANSLATOR_ASTRO_BLACK +1*TRANSLATOR_ECLIPSE_CHARCOAL -2*TRANSLATOR_GRAPHITE_MIST -2*TRANSLATOR_VOID_BLUE,2.0,1231.0169019721188,100,1576,0.052533333333333335,219.0123730964467,0.7703045685279187
TRANSLATOR,best_integer,"1,1,1,-2,-2",1*TRANSLATOR_SPACE_GRAY +1*TRANSLATOR_ASTRO_BLACK +1*TRANSLATOR_ECLIPSE_CHARCOAL -2*TRANSLATOR_GRAPHITE_MIST -2*TRANSLATOR_VOID_BLUE,2.5,1538.7711274651485,1,482,0.016066666666666667,4.339211618257261,0.5394190871369294
TRANSLATOR,best_integer,"1,1,1,-2,-2",1*TRANSLATOR_SPACE_GRAY +1*TRANSLATOR_ASTRO_BLACK +1*TRANSLATOR_ECLIPSE_CHARCOAL -2*TRANSLATOR_GRAPHITE_MIST -2*TRANSLATOR_VOID_BLUE,2.5,1538.7711274651485,5,482,0.016066666666666667,20.50414937759336,0.6037344398340249
TRANSLATOR,best_integer,"1,1,1,-2,-2",1*TRANSLATOR_SPACE_GRAY +1*TRANSLATOR_ASTRO_BLACK +1*TRANSLATOR_ECLIPSE_CHARCOAL -2*TRANSLATOR_GRAPHITE_MIST -2*TRANSLATOR_VOID_BLUE,2.5,1538.7711274651485,20,482,0.016066666666666667,84.26141078838174,0.7614107883817427
TRANSLATOR,best_integer,"1,1,1,-2,-2",1*TRANSLATOR_SPACE_GRAY +1*TRANSLATOR_ASTRO_BLACK +1*TRANSLATOR_ECLIPSE_CHARCOAL -2*TRANSLATOR_GRAPHITE_MIST -2*TRANSLATOR_VOID_BLUE,2.5,1538.7711274651485,100,482,0.016066666666666667,335.18153526970957,0.9979253112033195
TRANSLATOR,best_integer,"1,1,1,-2,-2",1*TRANSLATOR_SPACE_GRAY +1*TRANSLATOR_ASTRO_BLACK +1*TRANSLATOR_ECLIPSE_CHARCOAL -2*TRANSLATOR_GRAPHITE_MIST -2*TRANSLATOR_VOID_BLUE,3.0,1846.5253529581782,1,211,0.007033333333333333,4.632701421800948,0.5355450236966824
TRANSLATOR,best_integer,"1,1,1,-2,-2",1*TRANSLATOR_SPACE_GRAY +1*TRANSLATOR_ASTRO_BLACK +1*TRANSLATOR_ECLIPSE_CHARCOAL -2*TRANSLATOR_GRAPHITE_MIST -2*TRANSLATOR_VOID_BLUE,3.0,1846.5253529581782,5,211,0.007033333333333333,25.64691943127962,0.6161137440758294
TRANSLATOR,best_integer,"1,1,1,-2,-2",1*TRANSLATOR_SPACE_GRAY +1*TRANSLATOR_ASTRO_BLACK +1*TRANSLATOR_ECLIPSE_CHARCOAL -2*TRANSLATOR_GRAPHITE_MIST -2*TRANSLATOR_VOID_BLUE,3.0,1846.5253529581782,20,211,0.007033333333333333,93.44075829383887,0.8578199052132701
TRANSLATOR,best_integer,"1,1,1,-2,-2",1*TRANSLATOR_SPACE_GRAY +1*TRANSLATOR_ASTRO_BLACK +1*TRANSLATOR_ECLIPSE_CHARCOAL -2*TRANSLATOR_GRAPHITE_MIST -2*TRANSLATOR_VOID_BLUE,3.0,1846.5253529581782,100,211,0.007033333333333333,352.5521327014218,1.0
PANEL,best_integer,"2,2,1,1,2",2*PANEL_1X2 +2*PANEL_2X2 +1*PANEL_1X4 +1*PANEL_2X4 +2*PANEL_4X4,1.5,1298.3452210150956,1,4239,0.1413,1.8560981363529134,0.5225288983250767
PANEL,best_integer,"2,2,1,1,2",2*PANEL_1X2 +2*PANEL_2X2 +1*PANEL_1X4 +1*PANEL_2X4 +2*PANEL_4X4,1.5,1298.3452210150956,5,4235,0.14116666666666666,8.457969303423848,0.5402597402597402
PANEL,best_integer,"2,2,1,1,2",2*PANEL_1X2 +2*PANEL_2X2 +1*PANEL_1X4 +1*PANEL_2X4 +2*PANEL_4X4,1.5,1298.3452210150956,20,4220,0.14066666666666666,34.16386255924171,0.5701421800947867
PANEL,best_integer,"2,2,1,1,2",2*PANEL_1X2 +2*PANEL_2X2 +1*PANEL_1X4 +1*PANEL_2X4 +2*PANEL_4X4,1.5,1298.3452210150956,100,4142,0.13806666666666667,190.86371318203766,0.6948334138097537
PANEL,best_integer,"2,2,1,1,2",2*PANEL_1X2 +2*PANEL_2X2 +1*PANEL_1X4 +1*PANEL_2X4 +2*PANEL_4X4,2.0,1731.1269613534607,1,1159,0.03863333333333333,1.8955996548748921,0.5254529767040552
PANEL,best_integer,"2,2,1,1,2",2*PANEL_1X2 +2*PANEL_2X2 +1*PANEL_1X4 +1*PANEL_2X4 +2*PANEL_4X4,2.0,1731.1269613534607,5,1159,0.03863333333333333,8.45599654874892,0.5375323554788611
PANEL,best_integer,"2,2,1,1,2",2*PANEL_1X2 +2*PANEL_2X2 +1*PANEL_1X4 +1*PANEL_2X4 +2*PANEL_4X4,2.0,1731.1269613534607,20,1159,0.03863333333333333,36.522433132010356,0.6065573770491803
PANEL,best_integer,"2,2,1,1,2",2*PANEL_1X2 +2*PANEL_2X2 +1*PANEL_1X4 +1*PANEL_2X4 +2*PANEL_4X4,2.0,1731.1269613534607,100,1159,0.03863333333333333,206.15012942191544,0.7722174288179465
PANEL,best_integer,"2,2,1,1,2",2*PANEL_1X2 +2*PANEL_2X2 +1*PANEL_1X4 +1*PANEL_2X4 +2*PANEL_4X4,2.5,2163.908701691826,1,370,0.012333333333333333,1.6364864864864865,0.5297297297297298
PANEL,best_integer,"2,2,1,1,2",2*PANEL_1X2 +2*PANEL_2X2 +1*PANEL_1X4 +1*PANEL_2X4 +2*PANEL_4X4,2.5,2163.908701691826,5,370,0.012333333333333333,7.767567567567568,0.5027027027027027
PANEL,best_integer,"2,2,1,1,2",2*PANEL_1X2 +2*PANEL_2X2 +1*PANEL_1X4 +1*PANEL_2X4 +2*PANEL_4X4,2.5,2163.908701691826,20,370,0.012333333333333333,28.777027027027028,0.5837837837837838
PANEL,best_integer,"2,2,1,1,2",2*PANEL_1X2 +2*PANEL_2X2 +1*PANEL_1X4 +1*PANEL_2X4 +2*PANEL_4X4,2.5,2163.908701691826,100,370,0.012333333333333333,83.07162162162162,0.6432432432432432
PANEL,best_integer,"2,2,1,1,2",2*PANEL_1X2 +2*PANEL_2X2 +1*PANEL_1X4 +1*PANEL_2X4 +2*PANEL_4X4,3.0,2596.690442030191,1,10,0.0003333333333333333,11.0,0.5
PANEL,best_integer,"2,2,1,1,2",2*PANEL_1X2 +2*PANEL_2X2 +1*PANEL_1X4 +1*PANEL_2X4 +2*PANEL_4X4,3.0,2596.690442030191,5,10,0.0003333333333333333,117.8,0.7
PANEL,best_integer,"2,2,1,1,2",2*PANEL_1X2 +2*PANEL_2X2 +1*PANEL_1X4 +1*PANEL_2X4 +2*PANEL_4X4,3.0,2596.690442030191,20,10,0.0003333333333333333,334.2,1.0
PANEL,best_integer,"2,2,1,1,2",2*PANEL_1X2 +2*PANEL_2X2 +1*PANEL_1X4 +1*PANEL_2X4 +2*PANEL_4X4,3.0,2596.690442030191,100,10,0.0003333333333333333,243.8,1.0
OXYGEN_SHAKE,best_integer,"1,2,1,-1,1",1*OXYGEN_SHAKE_MORNING_BREATH +2*OXYGEN_SHAKE_EVENING_BREATH +1*OXYGEN_SHAKE_MINT -1*OXYGEN_SHAKE_CHOCOLATE +1*OXYGEN_SHAKE_GARLIC,1.5,987.4772493456628,1,4126,0.13753333333333334,1.390571982549685,0.5176926805622879
OXYGEN_SHAKE,best_integer,"1,2,1,-1,1",1*OXYGEN_SHAKE_MORNING_BREATH +2*OXYGEN_SHAKE_EVENING_BREATH +1*OXYGEN_SHAKE_MINT -1*OXYGEN_SHAKE_CHOCOLATE +1*OXYGEN_SHAKE_GARLIC,1.5,987.4772493456628,5,4122,0.1374,6.322416302765648,0.5393013100436681
OXYGEN_SHAKE,best_integer,"1,2,1,-1,1",1*OXYGEN_SHAKE_MORNING_BREATH +2*OXYGEN_SHAKE_EVENING_BREATH +1*OXYGEN_SHAKE_MINT -1*OXYGEN_SHAKE_CHOCOLATE +1*OXYGEN_SHAKE_GARLIC,1.5,987.4772493456628,20,4107,0.1369,22.98526905283662,0.5780374969564159
OXYGEN_SHAKE,best_integer,"1,2,1,-1,1",1*OXYGEN_SHAKE_MORNING_BREATH +2*OXYGEN_SHAKE_EVENING_BREATH +1*OXYGEN_SHAKE_MINT -1*OXYGEN_SHAKE_CHOCOLATE +1*OXYGEN_SHAKE_GARLIC,1.5,987.4772493456628,100,4046,0.13486666666666666,103.71984676223431,0.6861097380128522
OXYGEN_SHAKE,best_integer,"1,2,1,-1,1",1*OXYGEN_SHAKE_MORNING_BREATH +2*OXYGEN_SHAKE_EVENING_BREATH +1*OXYGEN_SHAKE_MINT -1*OXYGEN_SHAKE_CHOCOLATE +1*OXYGEN_SHAKE_GARLIC,2.0,1316.6363324608838,1,1204,0.04013333333333333,1.9377076411960132,0.532392026578073
OXYGEN_SHAKE,best_integer,"1,2,1,-1,1",1*OXYGEN_SHAKE_MORNING_BREATH +2*OXYGEN_SHAKE_EVENING_BREATH +1*OXYGEN_SHAKE_MINT -1*OXYGEN_SHAKE_CHOCOLATE +1*OXYGEN_SHAKE_GARLIC,2.0,1316.6363324608838,5,1204,0.04013333333333333,6.709717607973422,0.5382059800664452
OXYGEN_SHAKE,best_integer,"1,2,1,-1,1",1*OXYGEN_SHAKE_MORNING_BREATH +2*OXYGEN_SHAKE_EVENING_BREATH +1*OXYGEN_SHAKE_MINT -1*OXYGEN_SHAKE_CHOCOLATE +1*OXYGEN_SHAKE_GARLIC,2.0,1316.6363324608838,20,1204,0.04013333333333333,27.594269102990033,0.5971760797342193
OXYGEN_SHAKE,best_integer,"1,2,1,-1,1",1*OXYGEN_SHAKE_MORNING_BREATH +2*OXYGEN_SHAKE_EVENING_BREATH +1*OXYGEN_SHAKE_MINT -1*OXYGEN_SHAKE_CHOCOLATE +1*OXYGEN_SHAKE_GARLIC,2.0,1316.6363324608838,100,1204,0.04013333333333333,141.50083056478405,0.717607973421927
OXYGEN_SHAKE,best_integer,"1,2,1,-1,1",1*OXYGEN_SHAKE_MORNING_BREATH +2*OXYGEN_SHAKE_EVENING_BREATH +1*OXYGEN_SHAKE_MINT -1*OXYGEN_SHAKE_CHOCOLATE +1*OXYGEN_SHAKE_GARLIC,2.5,1645.7954155761047,1,112,0.0037333333333333333,5.477678571428571,0.6160714285714286
OXYGEN_SHAKE,best_integer,"1,2,1,-1,1",1*OXYGEN_SHAKE_MORNING_BREATH +2*OXYGEN_SHAKE_EVENING_BREATH +1*OXYGEN_SHAKE_MINT -1*OXYGEN_SHAKE_CHOCOLATE +1*OXYGEN_SHAKE_GARLIC,2.5,1645.7954155761047,5,112,0.0037333333333333333,38.22767857142857,0.7142857142857143
OXYGEN_SHAKE,best_integer,"1,2,1,-1,1",1*OXYGEN_SHAKE_MORNING_BREATH +2*OXYGEN_SHAKE_EVENING_BREATH +1*OXYGEN_SHAKE_MINT -1*OXYGEN_SHAKE_CHOCOLATE +1*OXYGEN_SHAKE_GARLIC,2.5,1645.7954155761047,20,112,0.0037333333333333333,129.34375,0.9017857142857143
OXYGEN_SHAKE,best_integer,"1,2,1,-1,1",1*OXYGEN_SHAKE_MORNING_BREATH +2*OXYGEN_SHAKE_EVENING_BREATH +1*OXYGEN_SHAKE_MINT -1*OXYGEN_SHAKE_CHOCOLATE +1*OXYGEN_SHAKE_GARLIC,2.5,1645.7954155761047,100,112,0.0037333333333333333,284.5267857142857,0.9375
OXYGEN_SHAKE,best_integer,"1,2,1,-1,1",1*OXYGEN_SHAKE_MORNING_BREATH +2*OXYGEN_SHAKE_EVENING_BREATH +1*OXYGEN_SHAKE_MINT -1*OXYGEN_SHAKE_CHOCOLATE +1*OXYGEN_SHAKE_GARLIC,3.0,1974.9544986913256,1,0,0.0,0.0,0.0
OXYGEN_SHAKE,best_integer,"1,2,1,-1,1",1*OXYGEN_SHAKE_MORNING_BREATH +2*OXYGEN_SHAKE_EVENING_BREATH +1*OXYGEN_SHAKE_MINT -1*OXYGEN_SHAKE_CHOCOLATE +1*OXYGEN_SHAKE_GARLIC,3.0,1974.9544986913256,5,0,0.0,0.0,0.0
OXYGEN_SHAKE,best_integer,"1,2,1,-1,1",1*OXYGEN_SHAKE_MORNING_BREATH +2*OXYGEN_SHAKE_EVENING_BREATH +1*OXYGEN_SHAKE_MINT -1*OXYGEN_SHAKE_CHOCOLATE +1*OXYGEN_SHAKE_GARLIC,3.0,1974.9544986913256,20,0,0.0,0.0,0.0
OXYGEN_SHAKE,best_integer,"1,2,1,-1,1",1*OXYGEN_SHAKE_MORNING_BREATH +2*OXYGEN_SHAKE_EVENING_BREATH +1*OXYGEN_SHAKE_MINT -1*OXYGEN_SHAKE_CHOCOLATE +1*OXYGEN_SHAKE_GARLIC,3.0,1974.9544986913256,100,0,0.0,0.0,0.0
SNACKPACK,best_integer,"2,2,-1,-1,-2",2*SNACKPACK_CHOCOLATE +2*SNACKPACK_VANILLA -1*SNACKPACK_PISTACHIO -1*SNACKPACK_STRAWBERRY -2*SNACKPACK_RASPBERRY,1.5,196.66941730050297,1,4061,0.13536666666666666,0.2083230731346959,0.5013543462201429
SNACKPACK,best_integer,"2,2,-1,-1,-2",2*SNACKPACK_CHOCOLATE +2*SNACKPACK_VANILLA -1*SNACKPACK_PISTACHIO -1*SNACKPACK_STRAWBERRY -2*SNACKPACK_RASPBERRY,1.5,196.66941730050297,5,4057,0.13523333333333334,1.0430120778900664,0.5267438994330786
SNACKPACK,best_integer,"2,2,-1,-1,-2",2*SNACKPACK_CHOCOLATE +2*SNACKPACK_VANILLA -1*SNACKPACK_PISTACHIO -1*SNACKPACK_STRAWBERRY -2*SNACKPACK_RASPBERRY,1.5,196.66941730050297,20,4042,0.13473333333333334,4.325333993072737,0.5606135576447303
SNACKPACK,best_integer,"2,2,-1,-1,-2",2*SNACKPACK_CHOCOLATE +2*SNACKPACK_VANILLA -1*SNACKPACK_PISTACHIO -1*SNACKPACK_STRAWBERRY -2*SNACKPACK_RASPBERRY,1.5,196.66941730050297,100,3962,0.13206666666666667,21.897147905098436,0.6304896516910651
SNACKPACK,best_integer,"2,2,-1,-1,-2",2*SNACKPACK_CHOCOLATE +2*SNACKPACK_VANILLA -1*SNACKPACK_PISTACHIO -1*SNACKPACK_STRAWBERRY -2*SNACKPACK_RASPBERRY,2.0,262.22588973400394,1,1299,0.0433,0.36297151655119325,0.5096227867590454
SNACKPACK,best_integer,"2,2,-1,-1,-2",2*SNACKPACK_CHOCOLATE +2*SNACKPACK_VANILLA -1*SNACKPACK_PISTACHIO -1*SNACKPACK_STRAWBERRY -2*SNACKPACK_RASPBERRY,2.0,262.22588973400394,5,1295,0.043166666666666666,1.3158301158301162,0.5451737451737452
SNACKPACK,best_integer,"2,2,-1,-1,-2",2*SNACKPACK_CHOCOLATE +2*SNACKPACK_VANILLA -1*SNACKPACK_PISTACHIO -1*SNACKPACK_STRAWBERRY -2*SNACKPACK_RASPBERRY,2.0,262.22588973400394,20,1280,0.042666666666666665,4.253125000000001,0.58828125
SNACKPACK,best_integer,"2,2,-1,-1,-2",2*SNACKPACK_CHOCOLATE +2*SNACKPACK_VANILLA -1*SNACKPACK_PISTACHIO -1*SNACKPACK_STRAWBERRY -2*SNACKPACK_RASPBERRY,2.0,262.22588973400394,100,1200,0.04,21.769166666666667,0.6533333333333333
SNACKPACK,best_integer,"2,2,-1,-1,-2",2*SNACKPACK_CHOCOLATE +2*SNACKPACK_VANILLA -1*SNACKPACK_PISTACHIO -1*SNACKPACK_STRAWBERRY -2*SNACKPACK_RASPBERRY,2.5,327.7823621675049,1,210,0.007,-0.2,0.49047619047619045
SNACKPACK,best_integer,"2,2,-1,-1,-2",2*SNACKPACK_CHOCOLATE +2*SNACKPACK_VANILLA -1*SNACKPACK_PISTACHIO -1*SNACKPACK_STRAWBERRY -2*SNACKPACK_RASPBERRY,2.5,327.7823621675049,5,206,0.006866666666666667,-0.09223300970873786,0.5048543689320388
SNACKPACK,best_integer,"2,2,-1,-1,-2",2*SNACKPACK_CHOCOLATE +2*SNACKPACK_VANILLA -1*SNACKPACK_PISTACHIO -1*SNACKPACK_STRAWBERRY -2*SNACKPACK_RASPBERRY,2.5,327.7823621675049,20,191,0.006366666666666666,-2.405759162303665,0.5549738219895288
SNACKPACK,best_integer,"2,2,-1,-1,-2",2*SNACKPACK_CHOCOLATE +2*SNACKPACK_VANILLA -1*SNACKPACK_PISTACHIO -1*SNACKPACK_STRAWBERRY -2*SNACKPACK_RASPBERRY,2.5,327.7823621675049,100,111,0.0037,-29.576576576576578,0.3783783783783784
SNACKPACK,best_integer,"2,2,-1,-1,-2",2*SNACKPACK_CHOCOLATE +2*SNACKPACK_VANILLA -1*SNACKPACK_PISTACHIO -1*SNACKPACK_STRAWBERRY -2*SNACKPACK_RASPBERRY,3.0,393.33883460100594,1,122,0.004066666666666666,-0.45901639344262296,0.47540983606557374
SNACKPACK,best_integer,"2,2,-1,-1,-2",2*SNACKPACK_CHOCOLATE +2*SNACKPACK_VANILLA -1*SNACKPACK_PISTACHIO -1*SNACKPACK_STRAWBERRY -2*SNACKPACK_RASPBERRY,3.0,393.33883460100594,5,118,0.003933333333333333,-1.673728813559322,0.4576271186440678
SNACKPACK,best_integer,"2,2,-1,-1,-2",2*SNACKPACK_CHOCOLATE +2*SNACKPACK_VANILLA -1*SNACKPACK_PISTACHIO -1*SNACKPACK_STRAWBERRY -2*SNACKPACK_RASPBERRY,3.0,393.33883460100594,20,103,0.0034333333333333334,-6.597087378640777,0.5339805825242718
SNACKPACK,best_integer,"2,2,-1,-1,-2",2*SNACKPACK_CHOCOLATE +2*SNACKPACK_VANILLA -1*SNACKPACK_PISTACHIO -1*SNACKPACK_STRAWBERRY -2*SNACKPACK_RASPBERRY,3.0,393.33883460100594,100,23,0.0007666666666666667,-33.0,0.0
